source,puzzle,n_terms,n_letters,longest_word,base,distinct,mode,solver,n_vars,n_clauses,solutions,calls,unique,matches_published,encode_time,solve_time,error,total_time
astro,COMET+SATURN=URANUS,2,10,6,10,True,all,cadical153,1079,3280,1,2,True,True,0.0008440000237897038,0.01229139999486506,,0.013135400018654764
astro,COMET+URANUS=SATURN,2,10,6,10,True,all,cadical153,1079,3280,1,2,True,True,0.0006515000713989139,0.02254099992569536,,0.023192499997094274
astro,EARTH+PHOBOS=EUROPA,2,10,6,10,True,all,cadical153,1079,3280,1,2,True,True,0.0007451000856235623,0.03041539981495589,,0.031160499900579453
astro,EARTH+SATURN=TRITON,2,10,6,10,True,all,cadical153,1079,3280,1,2,True,True,0.0006563999922946095,0.010600000037811697,,0.011256400030106306
astro,EARTH+URANUS=SATURN,2,8,6,10,True,all,cadical153,1041,3056,1,2,True,True,0.000614199903793633,0.007433400023728609,,0.008047599927522242
astro,EUROPA+JUPITER=NEPTUNE,2,10,7,10,True,all,cadical153,1229,3731,1,2,True,True,0.000726899947039783,0.016748399939388037,,0.01747529988642782
astro,EUROPA+PLANETS=NEPTUNE,2,10,7,10,True,all,cadical153,1229,3731,1,2,True,True,0.0007396999280899763,0.007804600172676146,,0.008544300100766122
astro,EUROPA+SATURN=URANUS,2,9,6,10,True,all,cadical153,1109,3368,1,2,True,True,0.0006744000129401684,0.017492300015874207,,0.018166700028814375
astro,EUROPA+URANUS=SATURN,2,9,6,10,True,all,cadical153,1109,3368,1,2,True,True,0.0006472000386565924,0.023500400129705667,,0.02414760016836226
astro,MOON+SUN=PLUTO,2,8,5,10,True,all,cadical153,810,2309,1,2,True,True,0.0004923000233247876,0.0018325001001358032,,0.002324800123460591
astro,SATURN+TITAN=EUROPA,2,10,6,10,True,all,cadical153,1079,3280,1,2,True,True,0.0006922000320628285,0.027907900046557188,,0.028600100078620017
astro,SATURN+URANUS=JUPITER,2,10,7,10,True,all,cadical153,1197,3640,1,2,True,True,0.0006963999476283789,0.0065408998634666204,,0.007237299811094999
astro,SATURN+URANUS=PHOBOS,2,10,6,10,True,all,cadical153,1128,3485,1,2,True,True,0.0006482999306172132,0.015801499946974218,,0.01644979987759143
astro,SATURN+URANUS=PLANETS,2,9,7,10,True,all,cadical153,1178,3523,1,2,True,True,0.0007074000313878059,0.00800220004748553,,0.008709600078873336
astro,URANUS+VENUS=EUROPA,2,9,6,10,True,all,cadical153,1060,3163,1,2,True,True,0.0006170000415295362,0.0056906999088823795,,0.006307699950411916
astro,CHARON+COMET+EARTH=TRITON,3,10,6,10,True,all,cadical153,1443,5067,1,2,True,True,0.0010415000142529607,0.025844700052402914,,0.026886200066655874
astro,CHARON+COMET+IO=TRITON,3,10,6,10,True,all,cadical153,1236,4062,1,2,True,True,0.0008221999742090702,0.04255430004559457,,0.04337650001980364
astro,CHARON+EARTH+MOON=TRITON,3,10,6,10,True,all,cadical153,1374,4732,1,2,True,True,0.0012468999484553933,0.01705439994111657,,0.018301299889571965
astro,CHARON+IO+TRITON=SATURN,3,10,6,10,True,all,cadical153,1288,4284,1,2,True,True,0.0007889000698924065,0.02724349999334663,,0.028032400063239038
astro,CHARON+MARS+URANUS=SATURN,3,10,6,10,True,all,cadical153,1426,4954,1,2,True,True,0.0010330999502912164,0.016253800014965236,,0.017286899965256453
astro,CHARON+SATURN+TITAN=URANUS,3,10,6,10,True,all,cadical153,1495,5289,1,2,True,True,0.028717300039716065,0.06960760010406375,,0.09832490014377981
astro,CHARON+TITAN+TRITON=URANUS,3,10,6,10,True,all,cadical153,1495,5289,1,2,True,True,0.0010903000365942717,0.03298860008362681,,0.03407890012022108
astro,COMET+DEIMOS+IO=TRITON,3,10,6,10,True,all,cadical153,1236,4062,1,2,True,True,0.0007611000910401344,0.02040279994253069,,0.021163900033570826
astro,COMET+IO+MOON=EARTH,3,10,5,10,True,all,cadical153,1081,3581,1,2,True,True,0.0007021999917924404,0.02303729997947812,,0.02373949997127056
astro,COMET+IO+TRITON=CHARON,3,10,6,10,True,all,cadical153,1236,4062,1,2,True,True,0.0007652000058442354,0.025080099934712052,,0.025845299940556288
astro,COMET+MARS+MOON=URANUS,3,10,6,10,True,all,cadical153,1288,4406,1,2,True,True,0.0008265000069513917,0.008061700034886599,,0.00888820004183799
astro,COMET+MARS+SATURN=URANUS,3,10,6,10,True,all,cadical153,1374,4732,1,2,True,True,0.0008952999487519264,0.03439789987169206,,0.03529319982044399
astro,COMET+MOON+SATURN=URANUS,3,10,6,10,True,all,cadical153,1374,4732,1,2,True,True,0.0008826999692246318,0.0762829000595957,,0.07716560002882034
astro,COMET+MOON+SUN=SATURN,3,10,6,10,True,all,cadical153,1219,4071,1,2,True,True,0.0008517999667674303,0.0069269000086933374,,0.007778699975460768
astro,COMET+MOON+SUN=URANUS,3,10,6,10,True,all,cadical153,1219,4071,1,2,True,True,0.0008073999779298902,0.008716699900105596,,0.009524099878035486
astro,DEIMOS+IO+MOON=PHOBOS,3,10,6,10,True,all,cadical153,1182,3827,1,2,True,True,0.0008073000935837626,0.007814099895767868,,0.00862139998935163
astro,DEIMOS+MARS+MOON=URANUS,3,10,6,10,True,all,cadical153,1320,4497,1,2,True,True,0.0008296999149024487,0.010377600090578198,,0.011207300005480647
astro,EARTH+EUROPA+SUN=SATURN,3,10,6,10,True,all,cadical153,1305,4397,1,2,True,True,0.0008849999867379665,0.04162279993761331,,0.042507799924351275
astro,EARTH+IO+TRITON=SATURN,3,10,6,10,True,all,cadical153,1236,4062,1,2,True,True,0.0008058000821620226,0.02218959992751479,,0.022995400009676814
astro,EARTH+SATURN+TRITON=URANUS,3,10,6,10,True,all,cadical153,1495,5289,1,2,True,True,0.001103400019928813,0.04958579991944134,,0.050689199939370155
astro,EARTH+SUN+URANUS=SATURN,3,8,6,10,True,all,cadical153,1267,4173,1,2,True,True,0.0008276000153273344,0.013046500040218234,,0.013874100055545568
astro,EARTH+TITAN+TRITON=EUROPA,3,10,6,10,True,all,cadical153,1443,5067,1,2,True,True,0.0010164000559598207,0.03941189986653626,,0.04042829992249608
astro,EARTH+TITAN+VENUS=SATURN,3,10,6,10,True,all,cadical153,1409,4963,1,2,True,True,0.0009423999581485987,0.06675460003316402,,0.06769699999131262
astro,EARTH+TRITON+URANUS=SATURN,3,10,6,10,True,all,cadical153,1495,5289,1,2,True,True,0.0010556000052019954,0.04511209996417165,,0.04616769996937364
astro,EARTH+URANUS+VENUS=SATURN,3,9,6,10,True,all,cadical153,1424,4950,1,2,True,True,0.0010153999319300056,0.03695710003376007,,0.037972499965690076
astro,EUROPA+IO+TRITON=SATURN,3,10,6,10,True,all,cadical153,1288,4284,1,2,True,True,0.0008641000604256988,0.04498860007151961,,0.04585270013194531
astro,EUROPA+IO+TRITON=URANUS,3,10,6,10,True,all,cadical153,1288,4284,1,2,True,True,0.0008295000297948718,0.02111600013449788,,0.021945500164292753
astro,EUROPA+IO+URANUS=SATURN,3,10,6,10,True,all,cadical153,1288,4284,1,2,True,True,0.0008560999995097518,0.03534709999803454,,0.03620319999754429
astro,EUROPA+MARS+URANUS=SATURN,3,10,6,10,True,all,cadical153,1426,4954,1,2,True,True,0.0009096999419853091,0.02732400002423674,,0.028233699966222048
astro,EUROPA+MOON+SATURN=URANUS,3,10,6,10,True,all,cadical153,1426,4954,1,2,True,True,0.000880099949426949,0.02475210011471063,,0.025632200064137578
astro,EUROPA+PLANETS+SATURN=NEPTUNE,3,10,7,10,True,all,cadical153,1667,5883,1,2,True,True,0.027773200068622828,0.06121010007336736,,0.08898330014199018
astro,EUROPA+PLUTO+SATURN=PLANETS,3,10,7,10,True,all,cadical153,1564,5444,1,2,True,True,0.0010503999656066298,0.043933600070886314,,0.044984000036492944
astro,EUROPA+PLUTO+SUN=URANUS,3,10,6,10,True,all,cadical153,1305,4397,1,2,True,True,0.0009377000387758017,0.10040379990823567,,0.10134149994701147
astro,EUROPA+SATURN+SUN=URANUS,3,9,6,10,True,all,cadical153,1338,4502,1,2,True,True,0.0008900000248104334,0.020276800030842423,,0.021166800055652857
astro,EUROPA+SATURN+TRITON=NEPTUNE,3,10,7,10,True,all,cadical153,1633,5779,1,2,True,True,0.0011364000383764505,0.0502766000572592,,0.05141300009563565
astro,EUROPA+SUN+TITAN=URANUS,3,10,6,10,True,all,cadical153,1305,4397,1,2,True,True,0.0009034000104293227,0.026633799890987575,,0.027537199901416898
astro,EUROPA+TITAN+URANUS=NEPTUNE,3,10,7,10,True,all,cadical153,1564,5444,1,2,True,True,0.0010463000508025289,0.010681099956855178,,0.011727400007657707
astro,EUROPA+TRITON+URANUS=NEPTUNE,3,10,7,10,True,all,cadical153,1633,5779,1,2,True,True,0.0011532999342307448,0.02976519986987114,,0.030918499804101884
astro,GALAXY+SUN+URANUS=SATURN,3,10,6,10,True,all,cadical153,1357,4619,1,2,True,True,0.0008810999570414424,0.03822979994583875,,0.03911089990288019
astro,IO+MOON+PHOBOS=TRITON,3,10,6,10,True,all,cadical153,1182,3827,1,2,True,True,0.0008569000056013465,0.0063062000554054976,,0.007163100061006844
astro,IO+SATURN+TITAN=CHARON,3,10,6,10,True,all,cadical153,1236,4062,1,2,True,True,0.0007943999953567982,0.03882859996519983,,0.039622999960556626
astro,IO+SATURN+TITAN=EUROPA,3,10,6,10,True,all,cadical153,1236,4062,1,2,True,True,0.0008107000030577183,0.04943540005479008,,0.0502461000578478
astro,IO+SATURN+TRITON=EUROPA,3,10,6,10,True,all,cadical153,1288,4284,1,2,True,True,0.0008546999888494611,0.0741308000870049,,0.07498550007585436
astro,IO+SATURN+URANUS=CHARON,3,10,6,10,True,all,cadical153,1288,4284,1,2,True,True,0.0008634000550955534,0.037703100009821355,,0.03856650006491691
astro,IO+SUN+TITAN=EARTH,3,10,5,10,True,all,cadical153,1027,3346,1,2,True,True,0.0007043000077828765,0.0034087999956682324,,0.004113100003451109
astro,IO+TITAN+TRITON=EUROPA,3,9,6,10,True,all,cadical153,1217,3945,1,2,True,True,0.0007451999699696898,0.013127899961546063,,0.013873099931515753
astro,IO+TITAN+TRITON=SATURN,3,8,6,10,True,all,cadical153,1198,3838,1,2,True,True,0.0008105000015348196,0.008218799950554967,,0.009029299952089787
astro,IO+TITAN+URANUS=CHARON,3,10,6,10,True,all,cadical153,1236,4062,1,2,True,True,0.0007485999958589673,0.028091200161725283,,0.02883980015758425
astro,IO+TITAN+URANUS=SATURN,3,8,6,10,True,all,cadical153,1198,3838,1,2,True,True,0.0007458999752998352,0.018190200091339648,,0.018936100066639483
astro,IO+URANUS+VENUS=SATURN,3,10,6,10,True,all,cadical153,1236,4062,1,2,True,True,0.000790199963375926,0.007974499952979386,,0.008764699916355312
astro,JUPITER+PLUTO+TRITON=NEPTUNE,3,10,7,10,True,all,cadical153,1598,5548,1,2,True,True,0.000998100033029914,0.02849150006659329,,0.029489600099623203
astro,MARS+MOON+URANUS=DEIMOS,3,10,6,10,True,all,cadical153,1320,4497,1,2,True,True,0.0009068000363186002,0.022285899962298572,,0.023192699998617172
astro,MARS+SATURN+URANUS=MERCURY,3,10,7,10,True,all,cadical153,1495,5109,1,2,True,True,0.0009510999079793692,0.02112639998085797,,0.022077499888837337
astro,NEPTUNE+SUN+URANUS=PLANETS,3,9,7,10,True,all,cadical153,1441,4761,1,2,True,True,0.0008688999805599451,0.01896309992298484,,0.019831999903544784
astro,PLANETS+URANUS+VENUS=NEPTUNE,3,10,7,10,True,all,cadical153,1598,5548,1,2,True,True,0.0011533999349921942,0.012189400033093989,,0.013342799968086183
astro,PLUTO+SUN+URANUS=EUROPA,3,10,6,10,True,all,cadical153,1305,4397,1,2,True,True,0.0008311000419780612,0.03506230004131794,,0.035893400083296
astro,PLUTO+SUN+URANUS=SATURN,3,9,6,10,True,all,cadical153,1286,4280,1,2,True,True,0.0009166999952867627,0.007036900031380355,,0.007953600026667118
astro,SATURN+SUN+URANUS=CHARON,3,9,6,10,True,all,cadical153,1338,4502,1,2,True,True,0.02694449992850423,0.007075599976815283,,0.03402009990531951
astro,SATURN+TITAN+TRITON=EUROPA,3,10,6,10,True,all,cadical153,1495,5289,1,2,True,True,0.001106899930164218,0.05175489990506321,,0.05286179983522743
astro,SATURN+TITAN+URANUS=CHARON,3,10,6,10,True,all,cadical153,1495,5289,1,2,True,True,0.0009734999621286988,0.06488399999216199,,0.06585749995429069
astro,SATURN+URANUS+VENUS=EUROPA,3,10,6,10,True,all,cadical153,1495,5289,1,2,True,True,0.0010890000266954303,0.04645890009123832,,0.04754790011793375
astro,SATURN+URANUS+VENUS=TRITON,3,10,6,10,True,all,cadical153,1495,5289,1,2,True,True,0.000980400014668703,0.011373099987395108,,0.01235350000206381
astro,SUN+TRITON+URANUS=EUROPA,3,10,6,10,True,all,cadical153,1357,4619,1,2,True,True,0.0009034000104293227,0.04117199999745935,,0.042075400007888675
astro,SUN+URANUS+VENUS=EUROPA,3,9,6,10,True,all,cadical153,1286,4280,1,2,True,True,0.001007900107651949,0.011374000110663474,,0.012381900218315423
astro,TITAN+TRITON+URANUS=NEPTUNE,3,10,7,10,True,all,cadical153,1564,5444,1,2,True,True,0.001320500043220818,0.010244800127111375,,0.011565300170332193
city-jp,AKITA+KYOTO=SENDAI,2,10,6,10,True,all,cadical153,1047,3189,1,2,True,True,0.0009170999983325601,0.013375099981203675,,0.014292199979536235
city-jp,AKITA+MATSUE=AOMORI,2,10,6,10,True,all,cadical153,1079,3280,1,2,True,True,0.0008114000083878636,0.007705399999395013,,0.008516800007782876
city-jp,AKITA+NAGANO=MORIOKA,2,9,7,10,True,all,cadical153,1129,3318,1,2,True,True,0.0006676000775769353,0.0013948999112471938,,0.002062499988824129
city-jp,AKITA+OITA=KYOTO,2,6,5,10,True,all,cadical153,853,2421,1,2,True,True,0.0005049000028520823,0.0017250000964850187,,0.002229900099337101
city-jp,AOMORI+FUKUOKA=OKAYAMA,2,9,7,10,True,all,cadical153,1210,3614,1,2,True,True,0.0008088999893516302,0.002219900139607489,,0.0030288001289591193
city-jp,AOMORI+SAPPORO=FUKUOKA,2,10,7,10,True,all,cadical153,1229,3731,1,2,True,True,0.0007159999804571271,0.002342300140298903,,0.00305830012075603
city-jp,AOMORI+SENDAI=NAGANO,2,10,6,10,True,all,cadical153,1128,3485,1,2,True,True,0.0006599000189453363,0.009599499986506999,,0.010259400005452335
city-jp,AOMORI+TOTTORI=ODAWARA,2,8,7,10,True,all,cadical153,1191,3507,1,2,True,True,0.0007249000482261181,0.0013454001164063811,,0.0020703001646324992
city-jp,AOMORI+TOTTORI=OKAYAMA,2,8,7,10,True,all,cadical153,1191,3507,1,2,True,True,0.0006665999535471201,0.0011651000240817666,,0.0018316999776288867
city-jp,CHIBA+HAKONE=NAGANO,2,10,6,10,True,all,cadical153,1079,3280,1,2,True,True,0.0006204000674188137,0.007027900079265237,,0.0076483001466840506
city-jp,CHIBA+NIKKO=HAKONE,2,9,6,10,True,all,cadical153,1028,3072,1,2,True,True,0.0008218000875785947,0.005171400029212236,,0.005993200116790831
city-jp,FUJI+FUKUI=KYOTO,2,8,5,10,True,all,cadical153,891,2605,1,2,True,True,0.0005932999774813652,0.0033791998866945505,,0.003972499864175916
city-jp,FUKUI+KOCHI=NAGANO,2,10,6,10,True,all,cadical153,1047,3189,1,2,True,True,0.0006568999961018562,0.015017800033092499,,0.015674700029194355
city-jp,FUKUI+KYOTO=NAGANO,2,10,6,10,True,all,cadical153,1047,3189,1,2,True,True,0.0007287999615073204,0.0057079000398516655,,0.006436700001358986
city-jp,FUKUI+NIKKO=HAKONE,2,9,6,10,True,all,cadical153,1028,3072,1,2,True,True,0.0006279000081121922,0.008712899987585843,,0.009340799995698035
city-jp,FUKUOKA+NAGANO=YOKOHAMA,2,10,8,10,True,all,cadical153,1298,3886,1,2,True,True,0.000888400012627244,0.0033883999567478895,,0.0042767999693751335
city-jp,FUKUOKA+TOTTORI=OKAYAMA,2,10,7,10,True,all,cadical153,1278,3936,1,2,True,True,0.0008070999756455421,0.007697099936194718,,0.00850419991184026
city-jp,HAKONE+MIYAZAKI=YOKOHAMA,2,10,8,10,True,all,cadical153,1330,3977,1,2,True,True,0.0007822999032214284,0.0019014999270439148,,0.002683799830265343
city-jp,HAKONE+MORIOKA=OKAYAMA,2,10,7,10,True,all,cadical153,1229,3731,1,2,True,True,0.0008613999234512448,0.0027759000658988953,,0.00363729998935014
city-jp,HAKONE+TOKYO=TOYAMA,2,9,6,10,True,all,cadical153,1060,3163,1,2,True,True,0.03018930007237941,0.008520200033672154,,0.038709500106051564
city-jp,KAMAKURA+MORIOKA=NAGASAKI,2,10,8,10,True,all,cadical153,1379,4182,1,2,True,True,0.0009407000616192818,0.0061660000355914235,,0.007106700097210705
city-jp,KANAZAWA+MIYAZAKI=WAKAYAMA,2,8,8,10,True,all,cadical153,1390,4163,1,2,True,True,0.001021199976094067,0.002018699888139963,,0.0030398998642340302
city-jp,KOCHI+MITO=CHIBA,2,9,5,10,True,all,cadical153,910,2712,1,2,True,True,0.0007210000185295939,0.003674900042824447,,0.004395900061354041
city-jp,KOCHI+NIKKO=TOYAMA,2,10,6,10,True,all,cadical153,1047,3189,1,2,True,True,0.0006171000422909856,0.014293799991719425,,0.01491090003401041
city-jp,KOCHI+OSAKA=NAGOYA,2,10,6,10,True,all,cadical153,1047,3189,1,2,True,True,0.0007194000063464046,0.005560800083912909,,0.006280200090259314
city-jp,KOCHI+OSAKA=SENDAI,2,10,6,10,True,all,cadical153,1047,3189,1,2,True,True,0.0006253999890759587,0.010328999953344464,,0.010954399942420423
city-jp,KOCHI+TSU=CHIBA,2,10,5,10,True,all,cadical153,880,2624,1,2,True,True,0.0005335999885573983,0.0027136001735925674,,0.0032472001621499658
city-jp,KOFU+OTSU=OSAKA,2,7,5,10,True,all,cadical153,840,2417,1,2,True,True,0.0004950000438839197,0.0010421000188216567,,0.0015371000627055764
city-jp,KUMAMOTO+TOTTORI=WAKAYAMA,2,10,8,10,True,all,cadical153,1379,4182,1,2,True,True,0.0008192000677809119,0.006917899940162897,,0.007737100007943809
city-jp,KYOTO+MITO=TOKYO,2,6,5,10,True,all,cadical153,853,2421,1,2,True,True,0.0005365000106394291,0.0007476999890059233,,0.0012841999996453524
city-jp,KYOTO+OITA=SENDAI,2,10,6,10,True,all,cadical153,998,2984,1,2,True,True,0.0005917999660596251,0.00812520005274564,,0.008717000018805265
city-jp,KYOTO+OSAKA=MATSUE,2,9,6,10,True,all,cadical153,1028,3072,1,2,True,True,0.0008864999981597066,0.004886900074779987,,0.005773400072939694
city-jp,KYOTO+OSAKA=TOKYO,2,6,5,10,True,all,cadical153,902,2626,1,2,True,True,0.0005267999367788434,0.0021430000197142363,,0.0026697999564930797
city-jp,KYOTO+TOKYO=HAKONE,2,8,6,10,True,all,cadical153,1009,2965,1,2,True,True,0.0006011000368744135,0.0017797000473365188,,0.0023808000842109323
city-jp,KYOTO+TOKYO=SENDAI,2,10,6,10,True,all,cadical153,1047,3189,1,2,True,True,0.0006646000547334552,0.017136999987997115,,0.01780160004273057
city-jp,MATSUE+TOTTORI=MORIOKA,2,10,7,10,True,all,cadical153,1229,3731,1,2,True,True,0.0007504000095650554,0.0026903998805209994,,0.003440799890086055
city-jp,MORIOKA+TOTTORI=KANAZAWA,2,10,8,10,True,all,cadical153,1347,4091,1,2,True,True,0.0007741999579593539,0.004433699883520603,,0.005207899841479957
city-jp,MORIOKA+TOTTORI=YAMAGATA,2,9,8,10,True,all,cadical153,1328,3974,1,2,True,True,0.0007488999981433153,0.002711300039663911,,0.003460200037807226
city-jp,NAGANO+OTSU=SENDAI,2,10,6,10,True,all,cadical153,1030,3075,1,2,True,True,0.0005960999988019466,0.001950400066561997,,0.0025465000653639436
city-jp,NAGOYA+NIKKO=SENDAI,2,10,6,10,True,all,cadical153,1079,3280,1,2,True,True,0.0007427000673487782,0.024560799938626587,,0.025303500005975366
city-jp,NAGOYA+OKAYAMA=MORIOKA,2,9,7,10,True,all,cadical153,1210,3614,1,2,True,True,0.0007408999372273684,0.002140199881978333,,0.0028810998192057014
city-jp,NIKKO+OTSU=MATSUE,2,10,6,10,True,all,cadical153,998,2984,1,2,True,True,0.0006563999922946095,0.006068499991670251,,0.0067248999839648604
city-jp,NIKKO+SENDAI=HAKONE,2,9,6,10,True,all,cadical153,1060,3163,1,2,True,True,0.0007022999925538898,0.015057899989187717,,0.015760199981741607
city-jp,NIKKO+TOKYO=SENDAI,2,10,6,10,True,all,cadical153,1047,3189,1,2,True,True,0.0006291000172495842,0.007842999882996082,,0.008472099900245667
city-jp,OITA+TOYAMA=NAGOYA,2,8,6,10,True,all,cadical153,992,2851,1,2,True,True,0.0005891999462619424,0.0014613999519497156,,0.002050599898211658
city-jp,OKAYAMA+WAKAYAMA=KAMAKURA,2,8,8,10,True,all,cadical153,1341,3958,1,2,True,True,0.000825399998575449,0.0006838998524472117,,0.0015092998510226607
city-jp,OKAYAMA+WAKAYAMA=KANAZAWA,2,8,8,10,True,all,cadical153,1341,3958,1,2,True,True,0.0007584000704810023,0.0008819999638944864,,0.0016404000343754888
city-jp,OKAYAMA+WAKAYAMA=YAMAGATA,2,8,8,10,True,all,cadical153,1341,3958,1,2,True,True,0.0008352999575436115,0.0009299000957980752,,0.0017652000533416867
city-jp,OKAYAMA+YAMAGATA=KANAZAWA,2,10,8,10,True,all,cadical153,1379,4182,1,2,True,True,0.0007772999815642834,0.001550799934193492,,0.0023280999157577753
city-jp,OSAKA+TOKYO=HAKONE,2,9,6,10,True,all,cadical153,1028,3072,1,2,True,True,0.0006027999334037304,0.010366800124756992,,0.010969600058160722
city-jp,OSAKA+TOYAMA=MATSUE,2,9,6,10,True,all,cadical153,1060,3163,1,2,True,True,0.0006810000631958246,0.0030107999918982387,,0.0036918000550940633
city-jp,OSAKA+ZUSHI=HAKONE,2,10,6,10,True,all,cadical153,1047,3189,1,2,True,True,0.0006124000065028667,0.008552800049073994,,0.009165200055576861
city-jp,OTSU+TSU=URAWA,2,7,5,10,True,all,cadical153,791,2212,1,2,True,True,0.00047179998364299536,0.0005600000731647015,,0.0010318000568076968
city-jp,SAGA+TSU=KOCHI,2,10,5,10,True,all,cadical153,848,2533,1,2,True,True,0.0005026999861001968,0.0032860999926924706,,0.0037887999787926674
city-jp,SAGA+TSU=NIKKO,2,9,5,10,True,all,cadical153,829,2416,1,2,True,True,0.0004937000339850783,0.0022619999945163727,,0.002755700028501451
city-jp,SAPPORO+TOYAMA=MORIOKA,2,10,7,10,True,all,cadical153,1229,3731,1,2,True,True,0.0007252999348565936,0.002979299984872341,,0.0037045999197289348
city-jp,SAPPORO+URAWA=MORIOKA,2,10,7,10,True,all,cadical153,1180,3526,1,2,True,True,0.0006806999444961548,0.005135799990966916,,0.005816499935463071
city-jp,TOTTORI+YAMAGATA=YOKOHAMA,2,10,8,10,True,all,cadical153,1379,4182,1,2,True,True,0.0009191000135615468,0.006767099956050515,,0.007686199969612062
city-jp,AKITA+AOMORI+HAKONE=TOTTORI,3,10,7,10,True,all,cadical153,1564,5444,1,2,True,True,0.0009783999994397163,0.005791000090539455,,0.006769400089979172
city-jp,AKITA+AOMORI+MITO=MATSUE,3,10,6,10,True,all,cadical153,1374,4732,1,2,True,True,0.0008538999827578664,0.013692199951037765,,0.014546099933795631
city-jp,AKITA+AOMORI+MITO=NAGANO,3,9,6,10,True,all,cadical153,1355,4615,1,2,True,True,0.0008441000245511532,0.004139699856750667,,0.00498379988130182
city-jp,AKITA+AOMORI+MORIOKA=FUKUOKA,3,9,7,10,True,all,cadical153,1579,5431,1,2,True,True,0.0009639000054448843,0.013255500118248165,,0.014219400123693049
city-jp,AKITA+AOMORI+ODAWARA=MORIOKA,3,9,7,10,True,all,cadical153,1579,5431,1,2,True,True,0.03733029996510595,0.01142920006532222,,0.04875950003042817
city-jp,AKITA+AOMORI+TOTTORI=FUKUOKA,3,9,7,10,True,all,cadical153,1579,5431,1,2,True,True,0.001208100002259016,0.02777910011354834,,0.028987200115807354
city-jp,AKITA+CHIBA+OITA=HAKONE,3,10,6,10,True,all,cadical153,1340,4628,1,2,True,True,0.0009453000966459513,0.007324800011701882,,0.008270100108347833
city-jp,AKITA+FUJI+KYOTO=TOYAMA,3,10,6,10,True,all,cadical153,1340,4628,1,2,True,True,0.0008464000420644879,0.006739899981766939,,0.007586300023831427
city-jp,AKITA+FUKUI+GIFU=CHIBA,3,10,5,10,True,all,cadical153,1271,4473,1,2,True,True,0.0008974999655038118,0.025023199967108667,,0.02592069993261248
city-jp,AKITA+FUKUI+KOCHI=TOKYO,3,10,5,10,True,all,cadical153,1340,4808,1,2,True,True,0.0008563000010326505,0.02446229988709092,,0.025318599888123572
city-jp,AKITA+FUKUI+KOFU=NAGOYA,3,10,6,10,True,all,cadical153,1340,4628,1,2,True,True,0.0009394000517204404,0.017433800036087632,,0.018373200087808073
city-jp,AKITA+FUKUI+KOFU=TOYAMA,3,9,6,10,True,all,cadical153,1321,4511,1,2,True,True,0.0009231999283656478,0.019000999978743494,,0.01992419990710914
city-jp,AKITA+FUKUI+KYOTO=NAGANO,3,10,6,10,True,all,cadical153,1409,4963,1,2,True,True,0.0009749000892043114,0.022722599911503494,,0.023697500000707805
city-jp,AKITA+FUKUI+SAPPORO=TOTTORI,3,10,7,10,True,all,cadical153,1544,5313,1,2,True,True,0.001002900069579482,0.010495999944396317,,0.011498900013975799
city-jp,AKITA+FUKUI+TOKYO=URAWA,3,10,5,10,True,all,cadical153,1340,4808,1,2,True,True,0.0009157999884337187,0.022385000018402934,,0.023300800006836653
city-jp,AKITA+FUKUI+TSU=NAGANO,3,10,6,10,True,all,cadical153,1271,4293,1,2,True,True,0.0008153000380843878,0.03189919993747026,,0.032714499975554645
city-jp,AKITA+FUKUOKA+KOFU=ODAWARA,3,10,7,10,True,all,cadical153,1475,4978,1,2,True,True,0.001214300049468875,0.0035794000141322613,,0.004793700063601136
city-jp,AKITA+FUKUOKA+OKAYAMA=MIYAZAKI,3,10,8,10,True,all,cadical153,1719,5925,1,2,True,True,0.0012992999982088804,0.004307999974116683,,0.005607299972325563
city-jp,AKITA+FUKUOKA+TOKYO=NIIGATA,3,10,7,10,True,all,cadical153,1544,5313,1,2,True,True,0.0014653000980615616,0.014197199838235974,,0.015662499936297536
city-jp,AKITA+GIFU+KOFU=TOYAMA,3,10,6,10,True,all,cadical153,1288,4406,1,2,True,True,0.0009219000348821282,0.0032996999798342586,,0.004221600014716387
city-jp,AKITA+GIFU+KYOTO=TOYAMA,3,10,6,10,True,all,cadical153,1340,4628,1,2,True,True,0.0008249999955296516,0.007901099976152182,,0.008726099971681833
city-jp,AKITA+HAKONE+KYOTO=TOYAMA,3,10,6,10,True,all,cadical153,1443,5067,1,2,True,True,0.001003999961540103,0.012164999963715672,,0.013168999925255775
city-jp,AKITA+HAKONE+MITO=AOMORI,3,10,6,10,True,all,cadical153,1374,4732,1,2,True,True,0.0008830999722704291,0.007065000012516975,,0.007948099984787405
city-jp,AKITA+HAKONE+MITO=NIIGATA,3,10,7,10,True,all,cadical153,1443,4887,1,2,True,True,0.0009408000623807311,0.002620000042952597,,0.0035608001053333282
city-jp,AKITA+HAKONE+MITO=TOYAMA,3,10,6,10,True,all,cadical153,1374,4732,1,2,True,True,0.0008743000216782093,0.008822500123642385,,0.009696800145320594
city-jp,AKITA+HAKONE+NAHA=AOMORI,3,10,6,10,True,all,cadical153,1374,4732,1,2,True,True,0.027810800005681813,0.007721399888396263,,0.035532199894078076
city-jp,AKITA+HAKONE+NIIGATA=TOTTORI,3,10,7,10,True,all,cadical153,1598,5548,1,2,True,True,0.0010670999763533473,0.018915400025434792,,0.01998250000178814
city-jp,AKITA+HAKONE+NIKKO=TOYAMA,3,10,6,10,True,all,cadical153,1443,5067,1,2,True,True,0.0010000999318435788,0.06034419999923557,,0.06134429993107915
city-jp,AKITA+HAKONE+TOKYO=NAGOYA,3,10,6,10,True,all,cadical153,1443,5067,1,2,True,True,0.0009873000672087073,0.02034379995893687,,0.021331100026145577
city-jp,AKITA+HAKONE+TOKYO=NIIGATA,3,10,7,10,True,all,cadical153,1512,5222,1,2,True,True,0.0010876000160351396,0.009878200013190508,,0.010965800029225647
city-jp,AKITA+KAMAKURA+NAGANO=KUMAMOTO,3,10,8,10,True,all,cadical153,1699,5794,1,2,True,True,0.001187099958769977,0.006212900043465197,,0.007400000002235174
city-jp,AKITA+KOBE+KYOTO=NAGANO,3,10,6,10,True,all,cadical153,1340,4628,1,2,True,True,0.0008638999424874783,0.0101013999665156,,0.010965299909003079
city-jp,AKITA+KOBE+KYOTO=NAGOYA,3,10,6,10,True,all,cadical153,1340,4628,1,2,True,True,0.0009483000030741096,0.007056900067254901,,0.00800520007032901
city-jp,AKITA+KOBE+OITA=SENDAI,3,10,6,10,True,all,cadical153,1288,4406,1,2,True,True,0.0008573000086471438,0.0038283999310806394,,0.004685699939727783
city-jp,AKITA+KOCHI+MITO=TOYAMA,3,9,6,10,True,all,cadical153,1321,4511,1,2,True,True,0.0008892000187188387,0.011087600025348365,,0.011976800044067204
city-jp,AKITA+KOCHI+NAHA=HAKONE,3,9,6,10,True,all,cadical153,1321,4511,1,2,True,True,0.0008439000230282545,0.010581000009551644,,0.011424900032579899
city-jp,AKITA+KOCHI+NAHA=NAGANO,3,9,6,10,True,all,cadical153,1321,4511,1,2,True,True,0.0009329000022262335,0.01075660006608814,,0.011689500068314373
city-jp,AKITA+KOCHI+NIKKO=HAKONE,3,9,6,10,True,all,cadical153,1390,4846,1,2,True,True,0.0008988999761641026,0.03811089997179806,,0.039009799947962165
city-jp,AKITA+KOCHI+OITA=NAGOYA,3,10,6,10,True,all,cadical153,1340,4628,1,2,True,True,0.0009716000640764832,0.008133800001814961,,0.009105400065891445
city-jp,AKITA+KOCHI+OITA=TOYAMA,3,9,6,10,True,all,cadical153,1321,4511,1,2,True,True,0.0008567000040784478,0.004938700003549457,,0.005795400007627904
city-jp,AKITA+KOCHI+TOKYO=CHIBA,3,9,5,10,True,all,cadical153,1321,4691,1,2,True,True,0.0009165001101791859,0.014873800100758672,,0.015790300210937858
city-jp,AKITA+KOFU+KYOTO=NAGANO,3,10,6,10,True,all,cadical153,1340,4628,1,2,True,True,0.0008410000009462237,0.01030030008405447,,0.011141300085000694
city-jp,AKITA+KOFU+KYOTO=NAGOYA,3,10,6,10,True,all,cadical153,1340,4628,1,2,True,True,0.000951700028963387,0.00939190003555268,,0.010343600064516068
city-jp,AKITA+KUMAMOTO+MITO=KANAZAWA,3,10,8,10,True,all,cadical153,1576,5224,1,2,True,True,0.0011285999789834023,0.0017671998357400298,,0.002895799814723432
city-jp,AKITA+KYOTO+NAGOYA=TOYAMA,3,9,6,10,True,all,cadical153,1424,4950,1,2,True,True,0.001150400028564036,0.016769600100815296,,0.017920000129379332
city-jp,AKITA+KYOTO+NAHA=NAGOYA,3,9,6,10,True,all,cadical153,1321,4511,1,2,True,True,0.0008692999836057425,0.006352800060994923,,0.007222100044600666
city-jp,AKITA+KYOTO+NARA=NAGOYA,3,9,6,10,True,all,cadical153,1321,4511,1,2,True,True,0.02782159997150302,0.006924899993464351,,0.03474649996496737
city-jp,AKITA+KYOTO+NIKKO=NAGANO,3,8,6,10,True,all,cadical153,1371,4739,1,2,True,True,0.0009607000974938273,0.002938500023446977,,0.0038992001209408045
city-jp,AKITA+KYOTO+NIKKO=TOKYO,3,7,5,10,True,all,cadical153,1283,4487,1,2,True,True,0.0008736000163480639,0.011668300023302436,,0.0125419000396505
city-jp,AKITA+KYOTO+OITA=NAGOYA,3,8,6,10,True,all,cadical153,1302,4404,1,2,True,True,0.0008295000297948718,0.004840899840928614,,0.005670399870723486
city-jp,AKITA+KYOTO+OITA=SENDAI,3,10,6,10,True,all,cadical153,1340,4628,1,2,True,True,0.0009123999625444412,0.011972700012847781,,0.012885099975392222
city-jp,AKITA+KYOTO+OKAYAMA=ODAWARA,3,10,7,10,True,all,cadical153,1544,5313,1,2,True,True,0.0009926999919116497,0.005189999938011169,,0.006182699929922819
city-jp,AKITA+KYOTO+OSAKA=NAGOYA,3,9,6,10,True,all,cadical153,1390,4846,1,2,True,True,0.0009118999587371945,0.006667900015600026,,0.00757979997433722
city-jp,AKITA+KYOTO+OTSU=NAGOYA,3,10,6,10,True,all,cadical153,1340,4628,1,2,True,True,0.0008729000110179186,0.030080900061875582,,0.0309538000728935
city-jp,AKITA+KYOTO+SAGA=NAGOYA,3,9,6,10,True,all,cadical153,1321,4511,1,2,True,True,0.0009184000082314014,0.005630800034850836,,0.006549200043082237
city-jp,AKITA+KYOTO+TOKYO=HAKONE,3,9,6,10,True,all,cadical153,1390,4846,1,2,True,True,0.0008768999250605702,0.03320170007646084,,0.03407860000152141
city-jp,AKITA+KYOTO+TOKYO=NAGANO,3,8,6,10,True,all,cadical153,1371,4739,1,2,True,True,0.001110499957576394,0.008437399985268712,,0.009547899942845106
city-jp,AKITA+KYOTO+TOKYO=ZUSHI,3,10,5,10,True,all,cadical153,1340,4808,1,2,True,True,0.0008590000215917826,0.028546800022013485,,0.029405800043605268
city-jp,AKITA+KYOTO+TSU=MATSUE,3,10,6,10,True,all,cadical153,1271,4293,1,2,True,True,0.0008808000711724162,0.0223083000164479,,0.023189100087620318
city-jp,AKITA+KYOTO+ZUSHI=TOKYO,3,10,5,10,True,all,cadical153,1340,4808,1,2,True,True,0.0008891000179573894,0.04014870012179017,,0.04103780013974756
city-jp,AKITA+MATSUE+OTSU=AOMORI,3,10,6,10,True,all,cadical153,1374,4732,1,2,True,True,0.0009806000161916018,0.028226299909874797,,0.0292068999260664
city-jp,AKITA+MITO+NIKKO=MATSUE,3,10,6,10,True,all,cadical153,1340,4628,1,2,True,True,0.0008604000322520733,0.02335449995007366,,0.024214899982325733
city-jp,AKITA+MITO+OITA=OSAKA,3,7,5,10,True,all,cadical153,1162,3930,1,2,True,True,0.0008156999247148633,0.0020995999220758677,,0.002915299846790731
city-jp,AKITA+MITO+OSAKA=NAGANO,3,9,6,10,True,all,cadical153,1321,4511,1,2,True,True,0.0008246999932453036,0.0024138999870046973,,0.003238599980250001
city-jp,AKITA+MITO+OSAKA=SENDAI,3,10,6,10,True,all,cadical153,1340,4628,1,2,True,True,0.0009089000523090363,0.015579699887894094,,0.01648859994020313
city-jp,AKITA+MITO+TOKYO=KYOTO,3,7,5,10,True,all,cadical153,1214,4152,1,2,True,True,0.0007812000112608075,0.006879000109620392,,0.0076602001208812
city-jp,AKITA+MORIOKA+NAHA=NIIGATA,3,10,7,10,True,all,cadical153,1475,4978,1,2,True,True,0.0010513999732211232,0.0017636000411584973,,0.0028150000143796206
city-jp,AKITA+MORIOKA+SAGA=NIIGATA,3,10,7,10,True,all,cadical153,1475,4978,1,2,True,True,0.0009166999952867627,0.0028352999361231923,,0.003751999931409955
city-jp,AKITA+MORIOKA+TOYAMA=SAPPORO,3,10,7,10,True,all,cadical153,1598,5548,1,2,True,True,0.0010464999359101057,0.008407000103034079,,0.009453500038944185
city-jp,AKITA+NAGANO+NIIGATA=FUKUOKA,3,9,7,10,True,all,cadical153,1579,5431,1,2,True,True,0.0009976000292226672,0.010002000024542212,,0.01099960005376488
city-jp,AKITA+NAGANO+NIKKO=SENDAI,3,10,6,10,True,all,cadical153,1443,5067,1,2,True,True,0.0009356000227853656,0.07994840003084391,,0.08088400005362928
city-jp,AKITA+NAGANO+OSAKA=SENDAI,3,10,6,10,True,all,cadical153,1443,5067,1,2,True,True,0.036499699926935136,0.06082149990834296,,0.0973211998352781
city-jp,AKITA+NAGANO+SAGA=SENDAI,3,10,6,10,True,all,cadical153,1374,4732,1,2,True,True,0.0009110999526455998,0.02664960001129657,,0.02756069996394217
city-jp,AKITA+NAGANO+TOKYO=TOYAMA,3,9,6,10,True,all,cadical153,1424,4950,1,2,True,True,0.00105189997702837,0.016972500015981495,,0.018024399993009865
city-jp,AKITA+NAGOYA+YAMAGATA=YOKOHAMA,3,10,8,10,True,all,cadical153,1699,5794,1,2,True,True,0.0010733000235632062,0.0039594999980181456,,0.005032800021581352
city-jp,AKITA+NAHA+NIKKO=TOYAMA,3,9,6,10,True,all,cadical153,1321,4511,1,2,True,True,0.0010905000381171703,0.006930199917405844,,0.008020699955523014
city-jp,AKITA+NARA+NIKKO=TOYAMA,3,9,6,10,True,all,cadical153,1321,4511,1,2,True,True,0.0008235999848693609,0.007355400011874735,,0.008178999996744096
city-jp,AKITA+NIIGATA+TOKYO=FUKUOKA,3,10,7,10,True,all,cadical153,1544,5313,1,2,True,True,0.0010927999392151833,0.017962299985811114,,0.019055099925026298
city-jp,AKITA+NIKKO+OITA=SENDAI,3,9,6,10,True,all,cadical153,1321,4511,1,2,True,True,0.0008582000155001879,0.022794099990278482,,0.02365230000577867
city-jp,AKITA+NIKKO+OSAKA=FUKUI,3,9,5,10,True,all,cadical153,1321,4691,1,2,True,True,0.0008987000910565257,0.019819100038148463,,0.02071780012920499
city-jp,AKITA+NIKKO+SENDAI=HAKONE,3,10,6,10,True,all,cadical153,1443,5067,1,2,True,True,0.001043599913828075,0.07742960005998611,,0.07847319997381419
city-jp,AKITA+NIKKO+SENDAI=NAGANO,3,10,6,10,True,all,cadical153,1443,5067,1,2,True,True,0.0009645000100135803,0.1058512000599876,,0.10681570007000118
city-jp,AKITA+NIKKO+TOKYO=HAKONE,3,9,6,10,True,all,cadical153,1390,4846,1,2,True,True,0.0010328999487683177,0.0207867999561131,,0.021819699904881418
city-jp,AKITA+NIKKO+TOKYO=NAGANO,3,8,6,10,True,all,cadical153,1371,4739,1,2,True,True,0.001423700014129281,0.00936969998292625,,0.01079339999705553
city-jp,AKITA+NIKKO+TOYAMA=HAKONE,3,10,6,10,True,all,cadical153,1443,5067,1,2,True,True,0.0010316999396309257,0.1614805000135675,,0.16251219995319843
city-jp,AKITA+ODAWARA+TOKYO=OKAYAMA,3,10,7,10,True,all,cadical153,1544,5313,1,2,True,True,0.0013518000487238169,0.0201247000368312,,0.021476500085555017
city-jp,AKITA+OITA+OSAKA=NAGANO,3,8,6,10,True,all,cadical153,1302,4404,1,2,True,True,0.0008910000324249268,0.00232589989900589,,0.0032168999314308167
city-jp,AKITA+OITA+OSAKA=SENDAI,3,9,6,10,True,all,cadical153,1321,4511,1,2,True,True,0.0008168000495061278,0.011933600064367056,,0.012750400113873184
city-jp,AKITA+OITA+TOKYO=HAKONE,3,9,6,10,True,all,cadical153,1321,4511,1,2,True,True,0.0008980999700725079,0.012302299961447716,,0.013200399931520224
city-jp,AKITA+OITA+TOKYO=OSAKA,3,7,5,10,True,all,cadical153,1214,4152,1,2,True,True,0.0007652000058442354,0.004983900114893913,,0.005749100120738149
city-jp,AKITA+OKAYAMA+TOKYO=NIIGATA,3,9,7,10,True,all,cadical153,1525,5196,1,2,True,True,0.0010313999373465776,0.004862900008447468,,0.005894299945794046
city-jp,AKITA+OSAKA+TOKYO=FUKUI,3,9,5,10,True,all,cadical153,1321,4691,1,2,True,True,0.0008804000681266189,0.01218899991363287,,0.013069399981759489
city-jp,AKITA+OSAKA+TOKYO=KOCHI,3,9,5,10,True,all,cadical153,1321,4691,1,2,True,True,0.029763299971818924,0.009576700045727193,,0.03934000001754612
city-jp,AKITA+OSAKA+TSU=SENDAI,3,10,6,10,True,all,cadical153,1271,4293,1,2,True,True,0.0008517000824213028,0.01868900004774332,,0.019540700130164623
city-jp,AKITA+OTSU+TOKYO=OSAKA,3,8,5,10,True,all,cadical153,1233,4249,1,2,True,True,0.000889300019480288,0.015141600044444203,,0.01603090006392449
city-jp,AKITA+SAPPORO+TOKYO=MORIOKA,3,10,7,10,True,all,cadical153,1544,5313,1,2,True,True,0.0009978000307455659,0.02726899995468557,,0.028266799985431135
city-jp,AKITA+TOKYO+URAWA=TOYAMA,3,10,6,10,True,all,cadical153,1409,4963,1,2,True,True,0.0010173000628128648,0.008489599917083979,,0.009506899979896843
city-jp,AOMORI+FUJI+FUKUOKA=MORIOKA,3,9,7,10,True,all,cadical153,1510,5096,1,2,True,True,0.0009373000357300043,0.01328099996317178,,0.014218299998901784
city-jp,AOMORI+FUJI+MORIOKA=FUKUOKA,3,9,7,10,True,all,cadical153,1510,5096,1,2,True,True,0.000991599983535707,0.01937400014139712,,0.020365600124932826
city-jp,AOMORI+FUJI+MORIOKA=OKAYAMA,3,10,7,10,True,all,cadical153,1529,5213,1,2,True,True,0.0012393000070005655,0.00795320002362132,,0.009192500030621886
city-jp,AOMORI+FUJI+TOTTORI=FUKUOKA,3,10,7,10,True,all,cadical153,1529,5213,1,2,True,True,0.0009517999133095145,0.011199000058695674,,0.012150799972005188
city-jp,AOMORI+FUKUI+FUKUOKA=OKAYAMA,3,9,7,10,True,all,cadical153,1579,5431,1,2,True,True,0.0011123999720439315,0.014532699948176742,,0.015645099920220673
city-jp,AOMORI+FUKUI+KOFU=NAGANO,3,10,6,10,True,all,cadical153,1374,4732,1,2,True,True,0.0009162999922409654,0.01496259996201843,,0.015878899954259396
city-jp,AOMORI+FUKUI+NARA=NAGANO,3,10,6,10,True,all,cadical153,1374,4732,1,2,True,True,0.0011011000024154782,0.013888500048778951,,0.01498960005119443
city-jp,AOMORI+FUKUI+OKAYAMA=FUKUOKA,3,9,7,10,True,all,cadical153,1579,5431,1,2,True,True,0.0010615999344736338,0.0162132999394089,,0.017274899873882532
city-jp,AOMORI+FUKUOKA+KOFU=OKAYAMA,3,9,7,10,True,all,cadical153,1510,5096,1,2,True,True,0.0010278000263497233,0.006075400044210255,,0.0071032000705599785
city-jp,AOMORI+FUKUOKA+OITA=MORIOKA,3,9,7,10,True,all,cadical153,1510,5096,1,2,True,True,0.0009466001065447927,0.012501100078225136,,0.013447700184769928
city-jp,AOMORI+FUKUOKA+OSAKA=SAPPORO,3,10,7,10,True,all,cadical153,1598,5548,1,2,True,True,0.0011789000127464533,0.01485739997588098,,0.016036299988627434
city-jp,AOMORI+FUKUOKA+TOYAMA=MORIOKA,3,10,7,10,True,all,cadical153,1667,5883,1,2,True,True,0.001211299910210073,0.029218400013633072,,0.030429699923843145
city-jp,AOMORI+GIFU+NAGANO=MORIOKA,3,10,7,10,True,all,cadical153,1495,5109,1,2,True,True,0.0010228999890387058,0.009511000011116266,,0.010533900000154972
city-jp,AOMORI+HAKONE+KOCHI=MORIOKA,3,10,7,10,True,all,cadical153,1564,5444,1,2,True,True,0.0013270999770611525,0.021292600082233548,,0.0226197000592947
city-jp,AOMORI+HAKONE+NARA=MORIOKA,3,9,7,10,True,all,cadical153,1476,4992,1,2,True,True,0.0009581000776961446,0.005501299980096519,,0.006459400057792664
city-jp,AOMORI+KANAZAWA+NIKKO=KAMAKURA,3,10,8,10,True,all,cadical153,1699,5794,1,2,True,True,0.0010582000249996781,0.015744099975563586,,0.016802300000563264
city-jp,AOMORI+KOBE+MORIOKA=ODAWARA,3,10,7,10,True,all,cadical153,1529,5213,1,2,True,True,0.027997399913147092,0.008580300025641918,,0.03657769993878901
city-jp,AOMORI+KOBE+NAGANO=MORIOKA,3,10,7,10,True,all,cadical153,1495,5109,1,2,True,True,0.000992499990388751,0.006583299953490496,,0.007575799943879247
city-jp,AOMORI+KOBE+ODAWARA=MORIOKA,3,10,7,10,True,all,cadical153,1529,5213,1,2,True,True,0.0010362999746575952,0.006331599899567664,,0.007367899874225259
city-jp,AOMORI+KOCHI+NAHA=HAKONE,3,10,6,10,True,all,cadical153,1374,4732,1,2,True,True,0.0008689999813213944,0.019701500074006617,,0.02057050005532801
city-jp,AOMORI+KOCHI+NIKKO=HAKONE,3,10,6,10,True,all,cadical153,1443,5067,1,2,True,True,0.0009882000740617514,0.08121709991246462,,0.08220529998652637
city-jp,AOMORI+KOCHI+TOTTORI=OKAYAMA,3,10,7,10,True,all,cadical153,1598,5548,1,2,True,True,0.0010348999639973044,0.003906399942934513,,0.0049412999069318175
city-jp,AOMORI+KOFU+MORIOKA=ODAWARA,3,10,7,10,True,all,cadical153,1529,5213,1,2,True,True,0.0009437000844627619,0.007812700001522899,,0.00875640008598566
city-jp,AOMORI+KOFU+NAGANO=MORIOKA,3,10,7,10,True,all,cadical153,1495,5109,1,2,True,True,0.0010237999958917499,0.006598300067707896,,0.007622100063599646
city-jp,AOMORI+KOFU+ODAWARA=MORIOKA,3,10,7,10,True,all,cadical153,1529,5213,1,2,True,True,0.0009435999672859907,0.006208100006915629,,0.00715169997420162
city-jp,AOMORI+KYOTO+MITO=NAGANO,3,10,6,10,True,all,cadical153,1374,4732,1,2,True,True,0.0009270999580621719,0.004463899997062981,,0.005390999955125153
city-jp,AOMORI+KYOTO+MORIOKA=ODAWARA,3,10,7,10,True,all,cadical153,1598,5548,1,2,True,True,0.000994300004094839,0.006641300045885146,,0.007635600049979985
city-jp,AOMORI+KYOTO+TOYAMA=NAGOYA,3,10,6,10,True,all,cadical153,1495,5289,1,2,True,True,0.001020600087940693,0.019199099857360125,,0.020219699945300817
city-jp,AOMORI+KYOTO+TOYAMA=SAPPORO,3,10,7,10,True,all,cadical153,1564,5444,1,2,True,True,0.0010083999950438738,0.013536400045268238,,0.014544800040312111
city-jp,AOMORI+MATSUE+OITA=SAPPORO,3,10,7,10,True,all,cadical153,1495,5109,1,2,True,True,0.0009354999056085944,0.0077466999646276236,,0.008682199870236218
city-jp,AOMORI+MATSUE+TOTTORI=MORIOKA,3,10,7,10,True,all,cadical153,1667,5883,1,2,True,True,0.0011503000278025866,0.014363500056788325,,0.015513800084590912
city-jp,AOMORI+MITO+NAGANO=SAPPORO,3,10,7,10,True,all,cadical153,1495,5109,1,2,True,True,0.0009451999794691801,0.0045310999266803265,,0.005476299906149507
city-jp,AOMORI+MITO+NIKKO=TOYAMA,3,9,6,10,True,all,cadical153,1355,4615,1,2,True,True,0.0008903000270947814,0.014483600039966404,,0.015373900067061186
city-jp,AOMORI+MITO+SAPPORO=OKAYAMA,3,10,7,10,True,all,cadical153,1529,5213,1,2,True,True,0.0009386000456288457,0.007928299950435758,,0.008866899996064603
city-jp,AOMORI+MITO+SENDAI=TOTTORI,3,10,7,10,True,all,cadical153,1495,5109,1,2,True,True,0.0009581000776961446,0.003738099941983819,,0.004696200019679964
city-jp,AOMORI+MITO+TOKYO=TOYAMA,3,8,6,10,True,all,cadical153,1336,4508,1,2,True,True,0.0008161000441759825,0.006258500041440129,,0.007074600085616112
city-jp,AOMORI+MITO+TOTTORI=ODAWARA,3,8,7,10,True,all,cadical153,1491,4989,1,2,True,True,0.0009464999893680215,0.002530899946577847,,0.0034773999359458685
city-jp,AOMORI+MITO+TOYAMA=MATSUE,3,10,6,10,True,all,cadical153,1426,4954,1,2,True,True,0.001003699959255755,0.012225799961015582,,0.013229499920271337
city-jp,AOMORI+MITO+TOYAMA=NAGOYA,3,9,6,10,True,all,cadical153,1407,4837,1,2,True,True,0.000849400064907968,0.00698579999152571,,0.007835200056433678
city-jp,AOMORI+MORIOKA+NAHA=OKAYAMA,3,9,7,10,True,all,cadical153,1510,5096,1,2,True,True,0.026409099926240742,0.00423439999576658,,0.030643499922007322
city-jp,AOMORI+MORIOKA+SAGA=OKAYAMA,3,9,7,10,True,all,cadical153,1510,5096,1,2,True,True,0.0009623999940231442,0.004032399971038103,,0.004994799965061247
city-jp,AOMORI+NAGANO+NAGOYA=MORIOKA,3,9,7,10,True,all,cadical153,1614,5662,1,2,True,True,0.0010815000860020518,0.006513199885375798,,0.00759469997137785
city-jp,AOMORI+NAGANO+NAHA=MORIOKA,3,9,7,10,True,all,cadical153,1476,4992,1,2,True,True,0.0009111000690609217,0.0037528000539168715,,0.004663900122977793
city-jp,AOMORI+NAGANO+NIKKO=MORIOKA,3,8,7,10,True,all,cadical153,1526,5220,1,2,True,True,0.000943099963478744,0.008410099893808365,,0.009353199857287109
city-jp,AOMORI+NAGANO+SAGA=SENDAI,3,10,6,10,True,all,cadical153,1426,4954,1,2,True,True,0.0010134999174624681,0.02265980001538992,,0.023673299932852387
city-jp,AOMORI+NAGANO+TOTTORI=MORIOKA,3,9,7,10,True,all,cadical153,1648,5766,1,2,True,True,0.0010454000439494848,0.009097700007259846,,0.01014310005120933
city-jp,AOMORI+NAGANO+TOTTORI=OKAYAMA,3,10,7,10,True,all,cadical153,1667,5883,1,2,True,True,0.0011102999560534954,0.00661100004799664,,0.007721300004050136
city-jp,AOMORI+NAGOYA+SAGA=SAPPORO,3,10,7,10,True,all,cadical153,1495,5109,1,2,True,True,0.001055500004440546,0.004517700057476759,,0.005573200061917305
city-jp,AOMORI+NAGOYA+TOKYO=OKAYAMA,3,10,7,10,True,all,cadical153,1564,5444,1,2,True,True,0.0010125000262632966,0.01056250010151416,,0.011575000127777457
city-jp,AOMORI+NAGOYA+TOTTORI=MORIOKA,3,10,7,10,True,all,cadical153,1667,5883,1,2,True,True,0.001273699919693172,0.023301599896512926,,0.024575299816206098
city-jp,AOMORI+NARA+NIKKO=HAKONE,3,9,6,10,True,all,cadical153,1355,4615,1,2,True,True,0.0009189000120386481,0.017058500088751316,,0.017977400100789964
city-jp,AOMORI+NARA+SAPPORO=OKAYAMA,3,10,7,10,True,all,cadical153,1529,5213,1,2,True,True,0.0010300999274477363,0.0040203999960795045,,0.005050499923527241
city-jp,AOMORI+NARA+TOKYO=TOYAMA,3,9,6,10,True,all,cadical153,1355,4615,1,2,True,True,0.0008282999042421579,0.011180900037288666,,0.012009199941530824
city-jp,AOMORI+NARA+TOTTORI=OKAYAMA,3,9,7,10,True,all,cadical153,1510,5096,1,2,True,True,0.0009472999954596162,0.003897799993865192,,0.004845099989324808
city-jp,AOMORI+NARA+TOYAMA=NAGOYA,3,9,6,10,True,all,cadical153,1407,4837,1,2,True,True,0.0009078000439330935,0.007770099909976125,,0.008677899953909218
city-jp,AOMORI+NIKKO+OKAYAMA=FUKUOKA,3,10,7,10,True,all,cadical153,1598,5548,1,2,True,True,0.0009853000519797206,0.023395400028675795,,0.024380700080655515
city-jp,AOMORI+NIKKO+SAGA=NAGOYA,3,10,6,10,True,all,cadical153,1374,4732,1,2,True,True,0.0009787000017240644,0.0195604000473395,,0.020539100049063563
city-jp,AOMORI+NIKKO+TOTTORI=FUKUOKA,3,10,7,10,True,all,cadical153,1598,5548,1,2,True,True,0.0010490999557077885,0.030104200006462634,,0.031153299962170422
city-jp,AOMORI+NIKKO+TOTTORI=OKAYAMA,3,9,7,10,True,all,cadical153,1579,5431,1,2,True,True,0.0011023000115528703,0.006469600019045174,,0.007571900030598044
city-jp,AOMORI+NIKKO+TOYAMA=NAGOYA,3,10,6,10,True,all,cadical153,1495,5289,1,2,True,True,0.0009628999978303909,0.03322049998678267,,0.03418339998461306
city-jp,AOMORI+OITA+TOTTORI=ODAWARA,3,8,7,10,True,all,cadical153,1491,4989,1,2,True,True,0.02663470001425594,0.003923899959772825,,0.030558599974028766
city-jp,AOMORI+OITA+TOYAMA=NIIGATA,3,9,7,10,True,all,cadical153,1476,4992,1,2,True,True,0.0009588000830262899,0.006396300042979419,,0.007355100126005709
city-jp,AOMORI+OTSU+TOTTORI=MORIOKA,3,9,7,10,True,all,cadical153,1510,5096,1,2,True,True,0.0009522000327706337,0.00381349993404001,,0.004765699966810644
city-jp,AOMORI+OTSU+TOYAMA=MATSUE,3,10,6,10,True,all,cadical153,1426,4954,1,2,True,True,0.0010267000179737806,0.013036299962550402,,0.014062999980524182
city-jp,AOMORI+OTSU+URAWA=MATSUE,3,10,6,10,True,all,cadical153,1374,4732,1,2,True,True,0.0008444000268355012,0.02468889986630529,,0.025533299893140793
city-jp,AOMORI+SAGA+SENDAI=NAGANO,3,10,6,10,True,all,cadical153,1426,4954,1,2,True,True,0.0010131000308319926,0.02640500001143664,,0.027418100042268634
city-jp,AOMORI+SAPPORO+TOKYO=MORIOKA,3,10,7,10,True,all,cadical153,1598,5548,1,2,True,True,0.0010119000216946006,0.011329600121825933,,0.012341500143520534
city-jp,AOMORI+SAPPORO+TOTTORI=NIIGATA,3,10,7,10,True,all,cadical153,1719,6105,1,2,True,True,0.001125300070270896,0.013225700007751584,,0.01435100007802248
city-jp,AOMORI+SAPPORO+TSU=MORIOKA,3,10,7,10,True,all,cadical153,1460,4878,1,2,True,True,0.0008761000353842974,0.01939560007303953,,0.02027170010842383
city-jp,AOMORI+SAPPORO+URAWA=MORIOKA,3,10,7,10,True,all,cadical153,1598,5548,1,2,True,True,0.001187099958769977,0.0071724000154063106,,0.008359499974176288
city-jp,AOMORI+TOKYO+TOTTORI=NIIGATA,3,10,7,10,True,all,cadical153,1598,5548,1,2,True,True,0.001115199993364513,0.0140679000178352,,0.015183100011199713
city-jp,AOMORI+TOKYO+URAWA=TOYAMA,3,10,6,10,True,all,cadical153,1443,5067,1,2,True,True,0.0009469001088291407,0.04545119998510927,,0.04639810009393841
city-jp,AOMORI+TOTTORI+TSU=MORIOKA,3,9,7,10,True,all,cadical153,1441,4761,1,2,True,True,0.0010204000864177942,0.004903100081719458,,0.005923500168137252
city-jp,AOMORI+TSU+URAWA=MATSUE,3,10,6,10,True,all,cadical153,1305,4397,1,2,True,True,0.0008173000533133745,0.019141800119541585,,0.01995910017285496
city-jp,CHIBA+FUKUI+KOFU=AKITA,3,10,5,10,True,all,cadical153,1271,4473,1,2,True,True,0.0009048000210896134,0.039460400119423866,,0.04036520014051348
city-jp,CHIBA+KOBE+KOCHI=AOMORI,3,10,6,10,True,all,cadical153,1340,4628,1,2,True,True,0.0008469000458717346,0.022911200067028403,,0.023758100112900138
city-jp,CHIBA+KOBE+TOKYO=AKITA,3,10,5,10,True,all,cadical153,1271,4473,1,2,True,True,0.0009063000325113535,0.02716970001347363,,0.028076000045984983
city-jp,CHIBA+KOCHI+KYOTO=TOKYO,3,9,5,10,True,all,cadical153,1321,4691,1,2,True,True,0.000838699983432889,0.028769999858923256,,0.029608699842356145
city-jp,CHIBA+KOCHI+MITO=TOYAMA,3,10,6,10,True,all,cadical153,1340,4628,1,2,True,True,0.0009492998942732811,0.023689100169576705,,0.024638400063849986
city-jp,CHIBA+KOCHI+OSAKA=HAKONE,3,10,6,10,True,all,cadical153,1409,4963,1,2,True,True,0.0009067000355571508,0.0642510000616312,,0.06515770009718835
city-jp,CHIBA+KOCHI+OSAKA=NIKKO,3,9,5,10,True,all,cadical153,1321,4691,1,2,True,True,0.029226600076071918,0.02039529988542199,,0.04962189996149391
city-jp,CHIBA+KOCHI+OSAKA=TOKYO,3,10,5,10,True,all,cadical153,1340,4808,1,2,True,True,0.0008941999403759837,0.014762899954803288,,0.01565709989517927
city-jp,CHIBA+KOCHI+OSAKA=ZUSHI,3,10,5,10,True,all,cadical153,1340,4808,1,2,True,True,0.0009640000062063336,0.05610519996844232,,0.057069199974648654
city-jp,CHIBA+KOCHI+SAGA=NAGANO,3,10,6,10,True,all,cadical153,1340,4628,1,2,True,True,0.0008802999509498477,0.030459700035862625,,0.03133999998681247
city-jp,CHIBA+KYOTO+TOKYO=NIKKO,3,10,5,10,True,all,cadical153,1340,4808,1,2,True,True,0.0009591999696567655,0.025305200135335326,,0.02626440010499209
city-jp,CHIBA+NAGANO+NAHA=AOMORI,3,10,6,10,True,all,cadical153,1374,4732,1,2,True,True,0.0008883000118657947,0.00489799992647022,,0.005786299938336015
city-jp,CHIBA+NAGANO+NAHA=TOTTORI,3,10,7,10,True,all,cadical153,1443,4887,1,2,True,True,0.0009655000176280737,0.001921699964441359,,0.0028871999820694327
city-jp,FUJI+FUKUI+KOFU=AOMORI,3,9,6,10,True,all,cadical153,1269,4289,1,2,True,True,0.0009841000428423285,0.004538999986834824,,0.005523100029677153
city-jp,FUJI+FUKUI+KYOTO=TOYAMA,3,10,6,10,True,all,cadical153,1340,4628,1,2,True,True,0.0009796000085771084,0.02699360006954521,,0.027973200078122318
city-jp,FUJI+FUKUI+NAHA=HAKONE,3,10,6,10,True,all,cadical153,1288,4406,1,2,True,True,0.0008376000914722681,0.0057628999929875135,,0.006600500084459782
city-jp,FUJI+FUKUI+NIKKO=HAKONE,3,10,6,10,True,all,cadical153,1340,4628,1,2,True,True,0.0009087999351322651,0.0612077999394387,,0.062116599874570966
city-jp,FUJI+FUKUI+TOKYO=TOYAMA,3,10,6,10,True,all,cadical153,1340,4628,1,2,True,True,0.0008753999136388302,0.004161700024269521,,0.005037099937908351
city-jp,FUJI+FUKUOKA+MORIOKA=TOTTORI,3,10,7,10,True,all,cadical153,1581,5435,1,2,True,True,0.0010685999877750874,0.02176920010242611,,0.0228378000902012
city-jp,FUKUI+FUKUOKA+MORIOKA=ODAWARA,3,10,7,10,True,all,cadical153,1650,5770,1,2,True,True,0.0012547000078484416,0.020825000014156103,,0.022079700022004545
city-jp,FUKUI+FUKUOKA+NAGOYA=NIIGATA,3,10,7,10,True,all,cadical153,1598,5548,1,2,True,True,0.0010679999832063913,0.011466900003142655,,0.012534899986349046
city-jp,FUKUI+FUKUOKA+TOTTORI=ODAWARA,3,10,7,10,True,all,cadical153,1650,5770,1,2,True,True,0.001164900022558868,0.04205629997886717,,0.04322120000142604
city-jp,FUKUI+FUKUOKA+TOYAMA=TOTTORI,3,10,7,10,True,all,cadical153,1598,5548,1,2,True,True,0.0011236999416723847,0.020410799887031317,,0.0215344998287037
city-jp,FUKUI+GIFU+KOBE=NAGANO,3,10,6,10,True,all,cadical153,1288,4406,1,2,True,True,0.0008927000453695655,0.011191600002348423,,0.012084300047717988
city-jp,FUKUI+GIFU+KOFU=NIKKO,3,7,5,10,True,all,cadical153,1162,3930,1,2,True,True,0.0007212000200524926,0.02298000012524426,,0.023701200145296752
city-jp,FUKUI+GIFU+NAGANO=HAKONE,3,10,6,10,True,all,cadical153,1374,4732,1,2,True,True,0.0009769999887794256,0.04354609991423786,,0.04452309990301728
city-jp,FUKUI+GIFU+OSAKA=NAGOYA,3,10,6,10,True,all,cadical153,1340,4628,1,2,True,True,0.000883700093254447,0.03358749987091869,,0.03447119996417314
city-jp,FUKUI+GIFU+SAGA=NAGOYA,3,10,6,10,True,all,cadical153,1288,4406,1,2,True,True,0.02798180002719164,0.006095899967476726,,0.034077699994668365
city-jp,FUKUI+GIFU+TSU=AKITA,3,8,5,10,True,all,cadical153,1112,3692,1,2,True,True,0.0007482999935746193,0.03325329988729209,,0.034001599880866706
city-jp,FUKUI+KAMAKURA+OKAYAMA=KUMAMOTO,3,10,8,10,True,all,cadical153,1753,6029,1,2,True,True,0.0013020000187680125,0.005908699939027429,,0.007210699957795441
city-jp,FUKUI+KOBE+NIKKO=NAGANO,3,10,6,10,True,all,cadical153,1340,4628,1,2,True,True,0.0009374999208375812,0.012881799950264394,,0.013819299871101975
city-jp,FUKUI+KOCHI+KOFU=HAKONE,3,10,6,10,True,all,cadical153,1340,4628,1,2,True,True,0.000965300016105175,0.027249100035987794,,0.02821440005209297
city-jp,FUKUI+KOCHI+NAHA=NAGANO,3,10,6,10,True,all,cadical153,1340,4628,1,2,True,True,0.0008793999440968037,0.035571199958212674,,0.03645059990230948
city-jp,FUKUI+KOCHI+NIKKO=NAGANO,3,10,6,10,True,all,cadical153,1409,4963,1,2,True,True,0.001039800001308322,0.039721100009046495,,0.04076090001035482
city-jp,FUKUI+KOCHI+OSAKA=ZUSHI,3,10,5,10,True,all,cadical153,1340,4808,1,2,True,True,0.0009041000157594681,0.03800149995367974,,0.03890559996943921
city-jp,FUKUI+KOFU+KYOTO=AOMORI,3,10,6,10,True,all,cadical153,1340,4628,1,2,True,True,0.0009489998919889331,0.008594600018113852,,0.009543599910102785
city-jp,FUKUI+KOFU+KYOTO=NIKKO,3,8,5,10,True,all,cadical153,1233,4249,1,2,True,True,0.0007978999055922031,0.0234805999789387,,0.024278499884530902
city-jp,FUKUI+KOFU+KYOTO=TOKYO,3,7,5,10,True,all,cadical153,1214,4152,1,2,True,True,0.000992499990388751,0.01692460000049323,,0.01791709999088198
city-jp,FUKUI+KOFU+MITO=NAGANO,3,10,6,10,True,all,cadical153,1288,4406,1,2,True,True,0.000830399920232594,0.007768400013446808,,0.008598799933679402
city-jp,FUKUI+KOFU+NAGANO=AOMORI,3,10,6,10,True,all,cadical153,1374,4732,1,2,True,True,0.0009489000076428056,0.01716780010610819,,0.018116700113750994
city-jp,FUKUI+KOFU+NAHA=NAGANO,3,9,6,10,True,all,cadical153,1269,4289,1,2,True,True,0.0008319000480696559,0.0029700000304728746,,0.0038019000785425305
city-jp,FUKUI+KOFU+NARA=HAKONE,3,10,6,10,True,all,cadical153,1288,4406,1,2,True,True,0.0008911000331863761,0.0035045999102294445,,0.004395699943415821
city-jp,FUKUI+KOFU+NARA=NAGANO,3,9,6,10,True,all,cadical153,1269,4289,1,2,True,True,0.0008099999977275729,0.0029770999681204557,,0.0037870999658480287
city-jp,FUKUI+KOFU+NIKKO=AOMORI,3,9,6,10,True,all,cadical153,1321,4511,1,2,True,True,0.0009036000119522214,0.015412700013257563,,0.016316300025209785
city-jp,FUKUI+KOFU+NIKKO=NAGANO,3,8,6,10,True,all,cadical153,1302,4404,1,2,True,True,0.0008543999865651131,0.009056599927134812,,0.009910999913699925
city-jp,FUKUI+KOFU+OITA=HAKONE,3,10,6,10,True,all,cadical153,1288,4406,1,2,True,True,0.0009317999938502908,0.009456000057980418,,0.010387800051830709
city-jp,FUKUI+KOFU+OITA=NAGANO,3,9,6,10,True,all,cadical153,1269,4289,1,2,True,True,0.0008134000236168504,0.0041961000533774495,,0.0050095000769943
city-jp,FUKUI+KOFU+OSAKA=NIKKO,3,8,5,10,True,all,cadical153,1233,4249,1,2,True,True,0.000864699948579073,0.02220530016347766,,0.023070000112056732
city-jp,FUKUI+KOFU+OTSU=NAGANO,3,10,6,10,True,all,cadical153,1288,4406,1,2,True,True,0.00086090003605932,0.005995800020173192,,0.006856700056232512
city-jp,FUKUI+KOFU+SAGA=NAGOYA,3,10,6,10,True,all,cadical153,1288,4406,1,2,True,True,0.027884499984793365,0.006747599923983216,,0.03463209990877658
city-jp,FUKUI+KOFU+TOKYO=KYOTO,3,7,5,10,True,all,cadical153,1214,4152,1,2,True,True,0.0008085999870672822,0.014489599969238043,,0.015298199956305325
city-jp,FUKUI+KOFU+TOKYO=ZUSHI,3,10,5,10,True,all,cadical153,1271,4473,1,2,True,True,0.000847000046633184,0.020359700080007315,,0.0212067001266405
city-jp,FUKUI+KOFU+TSU=TOYAMA,3,10,6,10,True,all,cadical153,1219,4071,1,2,True,True,0.0007781999884173274,0.0026665000477805734,,0.0034447000361979008
city-jp,FUKUI+KOFU+URAWA=NAGANO,3,10,6,10,True,all,cadical153,1340,4628,1,2,True,True,0.000965900020673871,0.0215025000507012,,0.022468400071375072
city-jp,FUKUI+KYOTO+OITA=NAGOYA,3,10,6,10,True,all,cadical153,1340,4628,1,2,True,True,0.0008636000566184521,0.016859900089912117,,0.01772350014653057
city-jp,FUKUI+KYOTO+TOKYO=URAWA,3,10,5,10,True,all,cadical153,1340,4808,1,2,True,True,0.0008796000620350242,0.033421100000850856,,0.03430070006288588
city-jp,FUKUI+KYOTO+TOKYO=ZUSHI,3,10,5,10,True,all,cadical153,1340,4808,1,2,True,True,0.0009275000775232911,0.021201200084760785,,0.022128700162284076
city-jp,FUKUI+MITO+NIKKO=NAGANO,3,10,6,10,True,all,cadical153,1340,4628,1,2,True,True,0.0008559999987483025,0.008856900036334991,,0.009712900035083294
city-jp,FUKUI+MITO+OSAKA=TOYAMA,3,10,6,10,True,all,cadical153,1340,4628,1,2,True,True,0.0009012999944388866,0.01451199990697205,,0.015413299901410937
city-jp,FUKUI+MITO+TOKYO=OSAKA,3,10,5,10,True,all,cadical153,1271,4473,1,2,True,True,0.0008157999254763126,0.0662522999336943,,0.06706809985917062
city-jp,FUKUI+MORIOKA+NAGANO=FUKUOKA,3,10,7,10,True,all,cadical153,1598,5548,1,2,True,True,0.0010565000120550394,0.06552099983673543,,0.06657749984879047
city-jp,FUKUI+NAHA+OSAKA=HAKONE,3,10,6,10,True,all,cadical153,1340,4628,1,2,True,True,0.0008857999928295612,0.020557000068947673,,0.021442800061777234
city-jp,FUKUI+NAHA+OSAKA=NAGANO,3,10,6,10,True,all,cadical153,1340,4628,1,2,True,True,0.0008898000232875347,0.008992500021122396,,0.00988230004440993
city-jp,FUKUI+NARA+OSAKA=NAGANO,3,10,6,10,True,all,cadical153,1340,4628,1,2,True,True,0.000838999985717237,0.008825000026263297,,0.009664000011980534
city-jp,FUKUI+NIKKO+OSAKA=SENDAI,3,10,6,10,True,all,cadical153,1409,4963,1,2,True,True,0.0008952000644057989,0.036046799970790744,,0.03694200003519654
city-jp,FUKUI+NIKKO+OTSU=NAGANO,3,10,6,10,True,all,cadical153,1340,4628,1,2,True,True,0.0009627999970689416,0.013253799988888204,,0.014216599985957146
city-jp,FUKUI+OITA+OSAKA=MATSUE,3,10,6,10,True,all,cadical153,1340,4628,1,2,True,True,0.0008508000755682588,0.06375759991351515,,0.06460839998908341
city-jp,FUKUI+OITA+TOKYO=NAGANO,3,10,6,10,True,all,cadical153,1340,4628,1,2,True,True,0.0009859999408945441,0.02386699989438057,,0.024852999835275114
city-jp,FUKUI+OITA+TSU=NAGANO,3,10,6,10,True,all,cadical153,1219,4071,1,2,True,True,0.0007739999564364552,0.0034631999442353845,,0.00423719990067184
city-jp,FUKUI+OKAYAMA+TOYAMA=MORIOKA,3,10,7,10,True,all,cadical153,1598,5548,1,2,True,True,0.0011272000847384334,0.014825799968093634,,0.015953000052832067
city-jp,FUKUI+OSAKA+OTSU=AOMORI,3,10,6,10,True,all,cadical153,1340,4628,1,2,True,True,0.0008430000161752105,0.009454600047320127,,0.010297600063495338
city-jp,FUKUI+OSAKA+SAGA=NAGANO,3,9,6,10,True,all,cadical153,1321,4511,1,2,True,True,0.0009175000013783574,0.012656099861487746,,0.013573599862866104
city-jp,FUKUI+OSAKA+SAGA=NAGOYA,3,10,6,10,True,all,cadical153,1340,4628,1,2,True,True,0.000851399963721633,0.018825700040906668,,0.0196771000046283
city-jp,FUKUI+OSAKA+TOKYO=KYOTO,3,9,5,10,True,all,cadical153,1321,4691,1,2,True,True,0.0009703000541776419,0.021319400053471327,,0.02228970010764897
city-jp,FUKUI+OSAKA+TSU=NAGANO,3,10,6,10,True,all,cadical153,1271,4293,1,2,True,True,0.0008117000106722116,0.0423673999030143,,0.043179099913686514
city-jp,FUKUI+OTSU+TSU=NAGANO,3,10,6,10,True,all,cadical153,1219,4071,1,2,True,True,0.0007899000775068998,0.005309800035320222,,0.006099700112827122
city-jp,FUKUOKA+GIFU+KAMAKURA=KUMAMOTO,3,10,8,10,True,all,cadical153,1684,5694,1,2,True,True,0.0010779999429360032,0.0069342999486252666,,0.00801229989156127
city-jp,FUKUOKA+GIFU+NAGANO=TOTTORI,3,10,7,10,True,all,cadical153,1529,5213,1,2,True,True,0.025612100027501583,0.03536119998898357,,0.060973300016485155
city-jp,FUKUOKA+GIFU+NIIGATA=TOTTORI,3,10,7,10,True,all,cadical153,1581,5435,1,2,True,True,0.001015300047583878,0.013330299989320338,,0.014345600036904216
city-jp,FUKUOKA+GIFU+NIKKO=TOTTORI,3,10,7,10,True,all,cadical153,1475,4978,1,2,True,True,0.0009919999865815043,0.006141499965451658,,0.007133499952033162
city-jp,FUKUOKA+KAMAKURA+TOKYO=YOKOHAMA,3,10,8,10,True,all,cadical153,1753,6029,1,2,True,True,0.0010785000631585717,0.009065599995665252,,0.010144100058823824
city-jp,FUKUOKA+KOFU+NAGOYA=NIIGATA,3,10,7,10,True,all,cadical153,1529,5213,1,2,True,True,0.0009494000114500523,0.009220600011758506,,0.010170000023208559
city-jp,FUKUOKA+KOFU+ODAWARA=MORIOKA,3,10,7,10,True,all,cadical153,1581,5435,1,2,True,True,0.0010812000837177038,0.006422500009648502,,0.007503700093366206
city-jp,FUKUOKA+KOFU+ODAWARA=TOTTORI,3,10,7,10,True,all,cadical153,1581,5435,1,2,True,True,0.0009654000168666244,0.028871200163848698,,0.029836600180715322
city-jp,FUKUOKA+KOFU+OKAYAMA=TOTTORI,3,10,7,10,True,all,cadical153,1581,5435,1,2,True,True,0.0010457000462338328,0.013023800100199878,,0.014069500146433711
city-jp,FUKUOKA+KOFU+SAPPORO=KUMAMOTO,3,10,8,10,True,all,cadical153,1650,5590,1,2,True,True,0.00100170006044209,0.006457200041040778,,0.007458900101482868
city-jp,FUKUOKA+KOFU+SAPPORO=ODAWARA,3,10,7,10,True,all,cadical153,1581,5435,1,2,True,True,0.0010021000634878874,0.021580499946139753,,0.02258260000962764
city-jp,FUKUOKA+KYOTO+TOKYO=ODAWARA,3,10,7,10,True,all,cadical153,1544,5313,1,2,True,True,0.0011147999903187156,0.003264299943111837,,0.0043790999334305525
city-jp,FUKUOKA+KYOTO+TOYAMA=TOTTORI,3,10,7,10,True,all,cadical153,1598,5548,1,2,True,True,0.0009867000626400113,0.01629190007224679,,0.0172786001348868
city-jp,FUKUOKA+MORIOKA+URAWA=OKAYAMA,3,10,7,10,True,all,cadical153,1650,5770,1,2,True,True,0.0011306999949738383,0.00677990005351603,,0.007910600048489869
city-jp,FUKUOKA+MORIOKA+URAWA=WAKAYAMA,3,10,8,10,True,all,cadical153,1719,5925,1,2,True,True,0.00113800005055964,0.003271199995651841,,0.004409200046211481
city-jp,FUKUOKA+NAGANO+NAGOYA=NIIGATA,3,10,7,10,True,all,cadical153,1667,5883,1,2,True,True,0.0011691999388858676,0.01246180001180619,,0.013630999950692058
city-jp,FUKUOKA+NAGANO+NAGOYA=OKAYAMA,3,9,7,10,True,all,cadical153,1648,5766,1,2,True,True,0.0011242999462410808,0.002062499988824129,,0.00318679993506521
city-jp,FUKUOKA+NAGANO+OITA=TOTTORI,3,10,7,10,True,all,cadical153,1529,5213,1,2,True,True,0.0009543999331071973,0.019174600136466324,,0.02012900006957352
city-jp,FUKUOKA+NAGANO+SAGA=NIIGATA,3,10,7,10,True,all,cadical153,1529,5213,1,2,True,True,0.0010068999836221337,0.016834800015203655,,0.01784169999882579
city-jp,FUKUOKA+NAGANO+SAGA=SAPPORO,3,10,7,10,True,all,cadical153,1529,5213,1,2,True,True,0.0010609999299049377,0.030895500094629824,,0.03195650002453476
city-jp,FUKUOKA+NIKKO+TOKYO=NIIGATA,3,10,7,10,True,all,cadical153,1544,5313,1,2,True,True,0.02552820008713752,0.009989400045014918,,0.03551760013215244
city-jp,FUKUOKA+ODAWARA+URAWA=KAMAKURA,3,9,8,10,True,all,cadical153,1700,5808,1,2,True,True,0.0011752999853342772,0.0026452000020071864,,0.0038204999873414636
city-jp,FUKUOKA+OITA+OKAYAMA=MORIOKA,3,10,7,10,True,all,cadical153,1581,5435,1,2,True,True,0.0009709000587463379,0.021432199864648283,,0.02240309992339462
city-jp,FUKUOKA+OITA+TOTTORI=MORIOKA,3,9,7,10,True,all,cadical153,1562,5318,1,2,True,True,0.0010296000400558114,0.026293500093743205,,0.027323100133799016
city-jp,FUKUOKA+OITA+TOYAMA=MORIOKA,3,10,7,10,True,all,cadical153,1529,5213,1,2,True,True,0.0009422999573871493,0.02175419998820871,,0.02269649994559586
city-jp,FUKUOKA+OSAKA+TOTTORI=KUMAMOTO,3,10,8,10,True,all,cadical153,1719,5925,1,2,True,True,0.001076800050213933,0.007897400064393878,,0.008974200114607811
city-jp,FUKUOKA+OSAKA+TOTTORI=MORIOKA,3,10,7,10,True,all,cadical153,1650,5770,1,2,True,True,0.001120199915021658,0.019980199984274805,,0.021100399899296463
city-jp,FUKUOKA+OSAKA+TOTTORI=SAPPORO,3,10,7,10,True,all,cadical153,1650,5770,1,2,True,True,0.0010514999739825726,0.02118389995303005,,0.022235399927012622
city-jp,FUKUOKA+TOKYO+TOTTORI=MORIOKA,3,10,7,10,True,all,cadical153,1650,5770,1,2,True,True,0.0010683999862521887,0.022942999959923327,,0.024011399946175516
city-jp,FUKUOKA+TOKYO+WAKAYAMA=KAMAKURA,3,10,8,10,True,all,cadical153,1753,6029,1,2,True,True,0.0011859999503940344,0.005245900014415383,,0.006431899964809418
city-jp,FUKUOKA+TOYAMA+YOKOHAMA=YAMAGATA,3,10,8,10,True,all,cadical153,1822,6364,1,2,True,True,0.001313099986873567,0.004020599881187081,,0.0053336998680606484
city-jp,GIFU+KYOTO+OITA=NAGOYA,3,10,6,10,True,all,cadical153,1288,4406,1,2,True,True,0.0008079999824985862,0.006755799986422062,,0.007563799968920648
city-jp,GIFU+KYOTO+TOKYO=NAGANO,3,10,6,10,True,all,cadical153,1340,4628,1,2,True,True,0.0010976999765262008,0.02242719999048859,,0.02352489996701479
city-jp,GIFU+KYOTO+TOKYO=NAGOYA,3,10,6,10,True,all,cadical153,1340,4628,1,2,True,True,0.0008718000026419759,0.04883499990683049,,0.049706799909472466
city-jp,GIFU+MITO+TOYAMA=NAGOYA,3,10,6,10,True,all,cadical153,1320,4497,1,2,True,True,0.0010001000482589006,0.0037273000925779343,,0.004727400140836835
city-jp,GIFU+NAGANO+NIKKO=AOMORI,3,10,6,10,True,all,cadical153,1374,4732,1,2,True,True,0.0008671999676153064,0.009984700009226799,,0.010851899976842105
city-jp,GIFU+NAHA+NIKKO=HAKONE,3,10,6,10,True,all,cadical153,1288,4406,1,2,True,True,0.0009134999709203839,0.004849100019782782,,0.0057625999907031655
city-jp,GIFU+NIIGATA+NIKKO=TOTTORI,3,10,7,10,True,all,cadical153,1475,4978,1,2,True,True,0.0009154999861493707,0.00393680005799979,,0.00485230004414916
city-jp,GIFU+NIKKO+OSAKA=NAGOYA,3,10,6,10,True,all,cadical153,1340,4628,1,2,True,True,0.025312799960374832,0.005652599968016148,,0.03096539992839098
city-jp,HAKONE+KOBE+NAHA=AOMORI,3,10,6,10,True,all,cadical153,1320,4497,1,2,True,True,0.0008732000133022666,0.00540469994302839,,0.006277899956330657
city-jp,HAKONE+KOBE+NIKKO=AOMORI,3,10,6,10,True,all,cadical153,1374,4732,1,2,True,True,0.0009768999880179763,0.01663560001179576,,0.017612499999813735
city-jp,HAKONE+KOCHI+NAGANO=NIIGATA,3,10,7,10,True,all,cadical153,1564,5444,1,2,True,True,0.0010077999904751778,0.005005099927075207,,0.006012899917550385
city-jp,HAKONE+KOCHI+NIKKO=AOMORI,3,10,6,10,True,all,cadical153,1443,5067,1,2,True,True,0.0009939000010490417,0.10608620010316372,,0.10708010010421276
city-jp,HAKONE+KOCHI+OITA=NAGANO,3,10,6,10,True,all,cadical153,1374,4732,1,2,True,True,0.0008997999830171466,0.043007400003261864,,0.04390719998627901
city-jp,HAKONE+KOCHI+OSAKA=SENDAI,3,10,6,10,True,all,cadical153,1443,5067,1,2,True,True,0.0010045000817626715,0.1116994001204148,,0.11270390020217746
city-jp,HAKONE+KOFU+NIKKO=FUKUOKA,3,9,7,10,True,all,cadical153,1424,4770,1,2,True,True,0.0009405000600963831,0.0012968000955879688,,0.002237300155684352
city-jp,HAKONE+KYOTO+NAGANO=TOYAMA,3,10,6,10,True,all,cadical153,1495,5289,1,2,True,True,0.0009982000337913632,0.012155600008554757,,0.01315380004234612
city-jp,HAKONE+KYOTO+NAGOYA=TOYAMA,3,10,6,10,True,all,cadical153,1495,5289,1,2,True,True,0.0009556999430060387,0.02582739992067218,,0.026783099863678217
city-jp,HAKONE+KYOTO+OITA=TOYAMA,3,10,6,10,True,all,cadical153,1374,4732,1,2,True,True,0.0009008999913930893,0.026523999986238778,,0.027424899977631867
city-jp,HAKONE+MORIOKA+NIKKO=TOTTORI,3,10,7,10,True,all,cadical153,1598,5548,1,2,True,True,0.0012733000330626965,0.028095500078052282,,0.02936880011111498
city-jp,HAKONE+NAGANO+NARA=MORIOKA,3,10,7,10,True,all,cadical153,1495,5109,1,2,True,True,0.0011051000328734517,0.0075486000860109925,,0.008653700118884444
city-jp,HAKONE+NAGANO+NIKKO=SENDAI,3,10,6,10,True,all,cadical153,1495,5289,1,2,True,True,0.0010476000607013702,0.04665010003373027,,0.04769770009443164
city-jp,HAKONE+NAGANO+OSAKA=SAPPORO,3,10,7,10,True,all,cadical153,1564,5444,1,2,True,True,0.0010044000810012221,0.0059593000914901495,,0.006963700172491372
city-jp,HAKONE+NAGANO+SAGA=SENDAI,3,10,6,10,True,all,cadical153,1426,4954,1,2,True,True,0.0009537999285385013,0.04020889999810606,,0.041162699926644564
city-jp,HAKONE+NAGANO+TOKYO=TOYAMA,3,10,6,10,True,all,cadical153,1495,5289,1,2,True,True,0.0010571000166237354,0.02631490002386272,,0.027372000040486455
city-jp,HAKONE+NAHA+NARA=SENDAI,3,10,6,10,True,all,cadical153,1320,4497,1,2,True,True,0.0008477000519633293,0.003855800023302436,,0.004703500075265765
city-jp,HAKONE+NAHA+NIKKO=AOMORI,3,9,6,10,True,all,cadical153,1355,4615,1,2,True,True,0.0008656000718474388,0.018630800070241094,,0.019496400142088532
city-jp,HAKONE+NAHA+OSAKA=NIIGATA,3,10,7,10,True,all,cadical153,1443,4887,1,2,True,True,0.0009289999725297093,0.005481900065205991,,0.006410900037735701
city-jp,HAKONE+NAHA+SENDAI=NAGANO,3,10,6,10,True,all,cadical153,1426,4954,1,2,True,True,0.0010420999024063349,0.01887879997957498,,0.019920899881981313
city-jp,HAKONE+NAHA+TOKYO=FUKUOKA,3,10,7,10,True,all,cadical153,1443,4887,1,2,True,True,0.0009080999298021197,0.007609300082549453,,0.008517400012351573
city-jp,HAKONE+NARA+OSAKA=NAGANO,3,9,6,10,True,all,cadical153,1355,4615,1,2,True,True,0.0009729000739753246,0.005380299990065396,,0.0063532000640407205
city-jp,HAKONE+NARA+TOTTORI=MORIOKA,3,10,7,10,True,all,cadical153,1529,5213,1,2,True,True,0.030373400077223778,0.022503699990920722,,0.0528771000681445
city-jp,HAKONE+NIKKO+OITA=AOMORI,3,10,6,10,True,all,cadical153,1374,4732,1,2,True,True,0.001019999966956675,0.029186900006607175,,0.03020689997356385
city-jp,HAKONE+NIKKO+OSAKA=AOMORI,3,10,6,10,True,all,cadical153,1443,5067,1,2,True,True,0.001349099911749363,0.027906599920243025,,0.029255699831992388
city-jp,HAKONE+NIKKO+TOKYO=TOYAMA,3,10,6,10,True,all,cadical153,1443,5067,1,2,True,True,0.0010442000348120928,0.13930619996972382,,0.1403504000045359
city-jp,HAKONE+OITA+TOTTORI=MORIOKA,3,10,7,10,True,all,cadical153,1529,5213,1,2,True,True,0.0009837000397965312,0.019599699997343123,,0.020583400037139654
city-jp,HAKONE+OKAYAMA+YOKOHAMA=YAMAGATA,3,10,8,10,True,all,cadical153,1822,6364,1,2,True,True,0.0012456999393180013,0.005956700071692467,,0.007202400011010468
city-jp,HAKONE+OSAKA+SAGA=NIIGATA,3,10,7,10,True,all,cadical153,1443,4887,1,2,True,True,0.0010316000552847981,0.005065899924375117,,0.006097499979659915
city-jp,HAKONE+OSAKA+TOKYO=TOYAMA,3,10,6,10,True,all,cadical153,1443,5067,1,2,True,True,0.0009111999534070492,0.02802900003734976,,0.02894019999075681
city-jp,HAKONE+SAGA+SENDAI=NAGANO,3,10,6,10,True,all,cadical153,1426,4954,1,2,True,True,0.0010121000232174993,0.03672419989015907,,0.03773629991337657
city-jp,KAMAKURA+KOCHI+MORIOKA=KUMAMOTO,3,10,8,10,True,all,cadical153,1753,6029,1,2,True,True,0.0012917000567540526,0.01891219988465309,,0.020203899941407144
city-jp,KAMAKURA+KUMAMOTO+MITO=HIROSHIMA,3,10,9,10,True,all,cadical153,1805,6071,1,2,True,True,0.0011411000741645694,0.006693500094115734,,0.007834600168280303
city-jp,KAMAKURA+MORIOKA+NAGANO=NAGASAKI,3,10,8,10,True,all,cadical153,1822,6364,1,2,True,True,0.0012948999647051096,0.013255199999548495,,0.014550099964253604
city-jp,KAMAKURA+NIKKO+TOTTORI=KUMAMOTO,3,9,8,10,True,all,cadical153,1734,5912,1,2,True,True,0.0010760999284684658,0.027429700130596757,,0.028505800059065223
city-jp,KAMAKURA+OITA+TOTTORI=WAKAYAMA,3,10,8,10,True,all,cadical153,1684,5694,1,2,True,True,0.0010660000843927264,0.006552899954840541,,0.007618900039233267
city-jp,KAMAKURA+OKAYAMA+TOKYO=KUMAMOTO,3,8,8,10,True,all,cadical153,1715,5805,1,2,True,True,0.001208700006827712,0.007934699999168515,,0.009143400005996227
city-jp,KANAZAWA+KUMAMOTO+KYOTO=WAKAYAMA,3,10,8,10,True,all,cadical153,1805,6251,1,2,True,True,0.0010896000312641263,0.009518700069747865,,0.010608300101011992
city-jp,KANAZAWA+KYOTO+TOKYO=KUMAMOTO,3,10,8,10,True,all,cadical153,1645,5559,1,2,True,True,0.0010282000293955207,0.006413600058294833,,0.007441800087690353
city-jp,KOBE+KYOTO+NIKKO=TOYAMA,3,10,6,10,True,all,cadical153,1340,4628,1,2,True,True,0.000984499929472804,0.011365999933332205,,0.012350499862805009
city-jp,KOBE+KYOTO+TOYAMA=MATSUE,3,10,6,10,True,all,cadical153,1374,4732,1,2,True,True,0.02726899995468557,0.026061200071126223,,0.05333020002581179
city-jp,KOBE+MATSUE+TSU=TOYAMA,3,10,6,10,True,all,cadical153,1251,4162,1,2,True,True,0.001247699954546988,0.0038394000148400664,,0.0050870999693870544
city-jp,KOBE+NAGANO+NAGOYA=TOYAMA,3,10,6,10,True,all,cadical153,1426,4954,1,2,True,True,0.0009608999826014042,0.0037721999688073993,,0.0047330999514088035
city-jp,KOBE+NAGANO+TOKYO=TOYAMA,3,10,6,10,True,all,cadical153,1374,4732,1,2,True,True,0.0008568000048398972,0.01569579995702952,,0.01655259996186942
city-jp,KOBE+NAGOYA+TOKYO=HAKONE,3,10,6,10,True,all,cadical153,1374,4732,1,2,True,True,0.0008833999745547771,0.01687990000937134,,0.017763299983926117
city-jp,KOBE+NIKKO+SENDAI=HAKONE,3,10,6,10,True,all,cadical153,1374,4732,1,2,True,True,0.0008740000193938613,0.06243749998975545,,0.06331150000914931
city-jp,KOBE+OKAYAMA+TOYAMA=TOTTORI,3,10,7,10,True,all,cadical153,1529,5213,1,2,True,True,0.0009711000602692366,0.00574409996625036,,0.006715200026519597
city-jp,KOBE+OSAKA+SENDAI=NAGANO,3,10,6,10,True,all,cadical153,1374,4732,1,2,True,True,0.000968499924056232,0.03731709998100996,,0.03828559990506619
city-jp,KOBE+OSAKA+TOKYO=KYOTO,3,8,5,10,True,all,cadical153,1233,4249,1,2,True,True,0.0008072999771684408,0.010006000055000186,,0.010813300032168627
city-jp,KOBE+OSAKA+TOYAMA=MATSUE,3,10,6,10,True,all,cadical153,1374,4732,1,2,True,True,0.000976799987256527,0.01970519998576492,,0.020681999973021448
city-jp,KOBE+OTSU+TSU=KYOTO,3,8,5,10,True,all,cadical153,1078,3588,1,2,True,True,0.0007128999568521976,0.0023960000835359097,,0.0031089000403881073
city-jp,KOBE+SAGA+SENDAI=NAGANO,3,10,6,10,True,all,cadical153,1320,4497,1,2,True,True,0.0008311999263241887,0.007466700044460595,,0.008297899970784783
city-jp,KOCHI+KUMAMOTO+TOTTORI=KAMAKURA,3,10,8,10,True,all,cadical153,1753,6029,1,2,True,True,0.001114599988795817,0.018045600038021803,,0.01916020002681762
city-jp,KOCHI+KYOTO+NAHA=HAKONE,3,10,6,10,True,all,cadical153,1340,4628,1,2,True,True,0.0009703000541776419,0.026329200016334653,,0.027299500070512295
city-jp,KOCHI+KYOTO+NAHA=NAGOYA,3,10,6,10,True,all,cadical153,1340,4628,1,2,True,True,0.0008475999347865582,0.011443500057794154,,0.012291099992580712
city-jp,KOCHI+KYOTO+OITA=NAGOYA,3,10,6,10,True,all,cadical153,1340,4628,1,2,True,True,0.0009256000630557537,0.008098099962808192,,0.009023700025863945
city-jp,KOCHI+KYOTO+TOKYO=HAKONE,3,10,6,10,True,all,cadical153,1409,4963,1,2,True,True,0.001091000041924417,0.03057709999848157,,0.03166810004040599
city-jp,KOCHI+KYOTO+TOKYO=NAGANO,3,10,6,10,True,all,cadical153,1409,4963,1,2,True,True,0.0010813999688252807,0.03732790006324649,,0.03840930003207177
city-jp,KOCHI+KYOTO+TOKYO=NAGOYA,3,10,6,10,True,all,cadical153,1409,4963,1,2,True,True,0.0010493999579921365,0.06511660001706332,,0.06616599997505546
city-jp,KOCHI+MITO+NAHA=HAKONE,3,10,6,10,True,all,cadical153,1288,4406,1,2,True,True,0.0008898999076336622,0.00409509998280555,,0.004984999890439212
city-jp,KOCHI+MITO+NIKKO=TOKYO,3,9,5,10,True,all,cadical153,1252,4356,1,2,True,True,0.000817399937659502,0.008279399946331978,,0.00909679988399148
city-jp,KOCHI+MITO+NIKKO=TOYAMA,3,10,6,10,True,all,cadical153,1340,4628,1,2,True,True,0.0008876000065356493,0.032201899914070964,,0.03308949992060661
city-jp,KOCHI+MITO+OSAKA=TOYAMA,3,10,6,10,True,all,cadical153,1340,4628,1,2,True,True,0.0009616999886929989,0.020570999942719936,,0.021532699931412935
city-jp,KOCHI+NAGANO+NAGOYA=HAKONE,3,10,6,10,True,all,cadical153,1495,5289,1,2,True,True,0.0010061999782919884,0.02921269997023046,,0.03021889994852245
city-jp,KOCHI+NAGANO+NAGOYA=OKAYAMA,3,10,7,10,True,all,cadical153,1564,5444,1,2,True,True,0.0011272000847384334,0.002928100060671568,,0.004055300145410001
city-jp,KOCHI+NAGANO+NARA=HAKONE,3,10,6,10,True,all,cadical153,1374,4732,1,2,True,True,0.02484799991361797,0.015068999957293272,,0.03991699987091124
city-jp,KOCHI+NAHA+OSAKA=NAGANO,3,9,6,10,True,all,cadical153,1321,4511,1,2,True,True,0.0008356000762432814,0.008245099917985499,,0.00908069999422878
city-jp,KOCHI+NIKKO+OITA=TOKYO,3,9,5,10,True,all,cadical153,1252,4356,1,2,True,True,0.0008265000069513917,0.012798999901860952,,0.013625499908812344
city-jp,KOCHI+NIKKO+OSAKA=AKITA,3,9,5,10,True,all,cadical153,1321,4691,1,2,True,True,0.0008521999698132277,0.013717199908569455,,0.014569399878382683
city-jp,KOCHI+NIKKO+SAGA=NAGOYA,3,10,6,10,True,all,cadical153,1340,4628,1,2,True,True,0.0008610000368207693,0.004615799873135984,,0.005476799909956753
city-jp,KOCHI+NIKKO+TOKYO=HAKONE,3,10,6,10,True,all,cadical153,1409,4963,1,2,True,True,0.0010139000369235873,0.023094499949365854,,0.02410839998628944
city-jp,KOCHI+OITA+OSAKA=HAKONE,3,10,6,10,True,all,cadical153,1340,4628,1,2,True,True,0.0008539999835193157,0.0199970998801291,,0.020851099863648415
city-jp,KOCHI+OITA+TOKYO=HAKONE,3,10,6,10,True,all,cadical153,1340,4628,1,2,True,True,0.0012316000647842884,0.012306900112889707,,0.013538500177673995
city-jp,KOCHI+OITA+TOKYO=NAGOYA,3,10,6,10,True,all,cadical153,1340,4628,1,2,True,True,0.00091409997548908,0.008968600071966648,,0.009882700047455728
city-jp,KOCHI+OKAYAMA+WAKAYAMA=YOKOHAMA,3,9,8,10,True,all,cadical153,1734,5912,1,2,True,True,0.001199800055474043,0.0055161998607218266,,0.0067159999161958694
city-jp,KOCHI+OSAKA+SAGA=NAGANO,3,9,6,10,True,all,cadical153,1321,4511,1,2,True,True,0.0008224999764934182,0.007519699865952134,,0.008342199842445552
city-jp,KOCHI+OSAKA+TOKYO=CHIBA,3,10,5,10,True,all,cadical153,1340,4808,1,2,True,True,0.0009587000822648406,0.02427749999333173,,0.02523620007559657
city-jp,KOCHI+OSAKA+TOKYO=TOYAMA,3,10,6,10,True,all,cadical153,1409,4963,1,2,True,True,0.0009170999983325601,0.012828700011596084,,0.013745800009928644
city-jp,KOCHI+OSAKA+ZUSHI=NIKKO,3,10,5,10,True,all,cadical153,1340,4808,1,2,True,True,0.0009049000218510628,0.023625000030733645,,0.024529900052584708
city-jp,KOCHI+TOKYO+TOYAMA=AOMORI,3,10,6,10,True,all,cadical153,1443,5067,1,2,True,True,0.0009510000236332417,0.020674699917435646,,0.021625699941068888
city-jp,KOFU+KYOTO+NIKKO=TOYAMA,3,10,6,10,True,all,cadical153,1340,4628,1,2,True,True,0.0009113000705838203,0.011657500173896551,,0.012568800244480371
city-jp,KOFU+KYOTO+TOKYO=HAKONE,3,10,6,10,True,all,cadical153,1340,4628,1,2,True,True,0.0008781000506132841,0.007520000101067126,,0.00839810015168041
city-jp,KOFU+KYOTO+TSU=MATSUE,3,10,6,10,True,all,cadical153,1219,4071,1,2,True,True,0.0008138000266626477,0.00633819994982332,,0.007151999976485968
city-jp,KOFU+MATSUE+OSAKA=TOYAMA,3,10,6,10,True,all,cadical153,1374,4732,1,2,True,True,0.0008778999326750636,0.027789999963715672,,0.028667899896390736
city-jp,KOFU+NAGANO+NAGOYA=TOYAMA,3,10,6,10,True,all,cadical153,1426,4954,1,2,True,True,0.0011080000549554825,0.003763900022022426,,0.004871900076977909
city-jp,KOFU+NAGANO+TOKYO=TOYAMA,3,10,6,10,True,all,cadical153,1374,4732,1,2,True,True,0.0008601999143138528,0.016184600070118904,,0.017044799984432757
city-jp,KOFU+NAGANO+TOTTORI=FUKUOKA,3,10,7,10,True,all,cadical153,1529,5213,1,2,True,True,0.0010044999653473496,0.03738679992966354,,0.03839129989501089
city-jp,KOFU+OKAYAMA+TOYAMA=TOTTORI,3,10,7,10,True,all,cadical153,1529,5213,1,2,True,True,0.0011263000778853893,0.005664599942974746,,0.0067909000208601356
city-jp,KOFU+OSAKA+TOKYO=KYOTO,3,8,5,10,True,all,cadical153,1233,4249,1,2,True,True,0.028414699947461486,0.010493600042536855,,0.03890829998999834
city-jp,KOFU+OSAKA+TOYAMA=MATSUE,3,10,6,10,True,all,cadical153,1374,4732,1,2,True,True,0.0008817000780254602,0.02393260004464537,,0.02481430012267083
city-jp,KOFU+SAPPORO+TOTTORI=FUKUOKA,3,10,7,10,True,all,cadical153,1581,5435,1,2,True,True,0.0011668000370264053,0.030241199885495007,,0.03140799992252141
city-jp,KOFU+TOKYO+TOYAMA=MATSUE,3,10,6,10,True,all,cadical153,1374,4732,1,2,True,True,0.001019099960103631,0.04439729987643659,,0.04541639983654022
city-jp,KUMAMOTO+KYOTO+MATSUE=KAMAKURA,3,10,8,10,True,all,cadical153,1699,5794,1,2,True,True,0.0011411999585106969,0.01950120006222278,,0.020642400020733476
city-jp,KUMAMOTO+KYOTO+MORIOKA=MIYAZAKI,3,10,8,10,True,all,cadical153,1753,6029,1,2,True,True,0.0012082000030204654,0.017831500037573278,,0.019039700040593743
city-jp,KUMAMOTO+MATSUE+MORIOKA=KAMAKURA,3,10,8,10,True,all,cadical153,1822,6364,1,2,True,True,0.0013358000433072448,0.01425889995880425,,0.015594700002111495
city-jp,KUMAMOTO+MATSUE+SAPPORO=KAMAKURA,3,10,8,10,True,all,cadical153,1822,6364,1,2,True,True,0.0011999000562354922,0.01157450012397021,,0.012774400180205703
city-jp,KUMAMOTO+MATSUE+TOKYO=KAMAKURA,3,10,8,10,True,all,cadical153,1699,5794,1,2,True,True,0.0011352000292390585,0.010159799945540726,,0.011294999974779785
city-jp,KUMAMOTO+MORIOKA+OITA=YAMAGATA,3,10,8,10,True,all,cadical153,1684,5694,1,2,True,True,0.0011811000294983387,0.009257000056095421,,0.01043810008559376
city-jp,KUMAMOTO+OKAYAMA+TSU=MIYAZAKI,3,10,8,10,True,all,cadical153,1615,5359,1,2,True,True,0.002737299888394773,0.02634770015720278,,0.029085000045597553
city-jp,KUMAMOTO+OSAKA+OTSU=KANAZAWA,3,10,8,10,True,all,cadical153,1576,5224,1,2,True,True,0.001106400042772293,0.004871099954470992,,0.005977499997243285
city-jp,KUMAMOTO+TOKUSHIMA+TSU=TAKAMATSU,3,9,9,10,True,all,cadical153,1751,5723,1,2,True,True,0.0012027999619022012,0.009456700063310564,,0.010659500025212765
city-jp,KYOTO+MITO+NAGOYA=TOYAMA,3,9,6,10,True,all,cadical153,1355,4615,1,2,True,True,0.0008585000177845359,0.01913030003197491,,0.019988800049759448
city-jp,KYOTO+MITO+NIKKO=HAKONE,3,10,6,10,True,all,cadical153,1340,4628,1,2,True,True,0.0009584999643266201,0.019889999995939434,,0.020848499960266054
city-jp,KYOTO+MITO+OITA=NAGOYA,3,9,6,10,True,all,cadical153,1269,4289,1,2,True,True,0.0007902999641373754,0.003113499958999455,,0.0039037999231368303
city-jp,KYOTO+MITO+TOKYO=FUKUI,3,8,5,10,True,all,cadical153,1233,4249,1,2,True,True,0.0008824999677017331,0.007762999972328544,,0.008645499940030277
city-jp,KYOTO+MITO+TSU=TOKYO,3,8,5,10,True,all,cadical153,1112,3692,1,2,True,True,0.0006979999598115683,0.00931049999780953,,0.010008499957621098
city-jp,KYOTO+NAGANO+NAGOYA=FUKUOKA,3,9,7,10,True,all,cadical153,1545,5327,1,2,True,True,0.0011212000390514731,0.006665200111456215,,0.0077864001505076885
city-jp,KYOTO+NAGANO+OTSU=TOYAMA,3,10,6,10,True,all,cadical153,1374,4732,1,2,True,True,0.029926199931651354,0.01655219995882362,,0.046478399890474975
city-jp,KYOTO+NAGANO+TOKYO=AOMORI,3,10,6,10,True,all,cadical153,1443,5067,1,2,True,True,0.0011271999683231115,0.023488500039093196,,0.024615700007416308
city-jp,KYOTO+NAGOYA+NAHA=HAKONE,3,9,6,10,True,all,cadical153,1355,4615,1,2,True,True,0.0008321000495925546,0.014022599905729294,,0.014854699955321848
city-jp,KYOTO+NAGOYA+TOYAMA=HAKONE,3,10,6,10,True,all,cadical153,1495,5289,1,2,True,True,0.0010749000357463956,0.013175099971704185,,0.01425000000745058
city-jp,KYOTO+NARA+TOKYO=HAKONE,3,9,6,10,True,all,cadical153,1321,4511,1,2,True,True,0.0008273000130429864,0.017621399951167405,,0.01844869996421039
city-jp,KYOTO+NIKKO+OITA=AOMORI,3,9,6,10,True,all,cadical153,1321,4511,1,2,True,True,0.0009271999588236213,0.003647700068540871,,0.004574900027364492
city-jp,KYOTO+NIKKO+OTSU=TOYAMA,3,10,6,10,True,all,cadical153,1340,4628,1,2,True,True,0.0008259000023826957,0.008249999955296516,,0.009075899957679212
city-jp,KYOTO+NIKKO+TOKYO=NAGANO,3,8,6,10,True,all,cadical153,1371,4739,1,2,True,True,0.000951700028963387,0.0052114001009613276,,0.0061631001299247146
city-jp,KYOTO+NIKKO+TOKYO=SENDAI,3,10,6,10,True,all,cadical153,1409,4963,1,2,True,True,0.0008835999760776758,0.045198800042271614,,0.04608240001834929
city-jp,KYOTO+NIKKO+TOYAMA=AOMORI,3,9,6,10,True,all,cadical153,1424,4950,1,2,True,True,0.0010415000142529607,0.020880699972622097,,0.021922199986875057
city-jp,KYOTO+NIKKO+TSU=TOYAMA,3,10,6,10,True,all,cadical153,1271,4293,1,2,True,True,0.0008449000306427479,0.014268399914726615,,0.015113299945369363
city-jp,KYOTO+ODAWARA+OITA=OKAYAMA,3,10,7,10,True,all,cadical153,1475,4978,1,2,True,True,0.0009759999811649323,0.00785850000102073,,0.008834499982185662
city-jp,KYOTO+ODAWARA+WAKAYAMA=KAMAKURA,3,10,8,10,True,all,cadical153,1753,6029,1,2,True,True,0.0012776999501511455,0.0035041000228375196,,0.004781799972988665
city-jp,KYOTO+OITA+OKAYAMA=ODAWARA,3,10,7,10,True,all,cadical153,1475,4978,1,2,True,True,0.0008905000286176801,0.0038283999310806394,,0.0047188999596983194
city-jp,KYOTO+OITA+OSAKA=MATSUE,3,10,6,10,True,all,cadical153,1340,4628,1,2,True,True,0.0011468000011518598,0.021989200031384826,,0.023136000032536685
city-jp,KYOTO+OITA+OSAKA=NAGOYA,3,9,6,10,True,all,cadical153,1321,4511,1,2,True,True,0.0008512000786140561,0.006192400003783405,,0.007043600082397461
city-jp,KYOTO+OITA+TOKYO=MATSUE,3,10,6,10,True,all,cadical153,1340,4628,1,2,True,True,0.001011399901472032,0.01992330001667142,,0.02093469991814345
city-jp,KYOTO+OITA+TSU=NAGOYA,3,10,6,10,True,all,cadical153,1219,4071,1,2,True,True,0.0007706000469624996,0.003484599874354899,,0.0042551999213173985
city-jp,KYOTO+OKAYAMA+TOTTORI=MORIOKA,3,8,7,10,True,all,cadical153,1612,5546,1,2,True,True,0.00113800005055964,0.007420100038871169,,0.008558100089430809
city-jp,KYOTO+OSAKA+SAGA=MATSUE,3,10,6,10,True,all,cadical153,1340,4628,1,2,True,True,0.0008144999155774713,0.007066000020131469,,0.00788049993570894
city-jp,KYOTO+OSAKA+SAGA=NAGOYA,3,8,6,10,True,all,cadical153,1302,4404,1,2,True,True,0.02380500000435859,0.004007199895568192,,0.02781219989992678
city-jp,KYOTO+OSAKA+TOKYO=CHIBA,3,10,5,10,True,all,cadical153,1340,4808,1,2,True,True,0.0008924000430852175,0.006543800001963973,,0.0074362000450491905
city-jp,KYOTO+OSAKA+TOKYO=NAGANO,3,8,6,10,True,all,cadical153,1371,4739,1,2,True,True,0.000959400087594986,0.005084899952635169,,0.006044300040230155
city-jp,KYOTO+OSAKA+TOYAMA=HAKONE,3,10,6,10,True,all,cadical153,1443,5067,1,2,True,True,0.000902900006622076,0.01137460011523217,,0.012277500121854246
city-jp,KYOTO+OSAKA+TSU=MATSUE,3,9,6,10,True,all,cadical153,1252,4176,1,2,True,True,0.000853799981996417,0.028526000096462667,,0.029379800078459084
city-jp,KYOTO+OSAKA+TSU=NAGANO,3,9,6,10,True,all,cadical153,1252,4176,1,2,True,True,0.0007660000119358301,0.007651400053873658,,0.008417400065809488
city-jp,KYOTO+OTSU+TOKYO=HAKONE,3,10,6,10,True,all,cadical153,1340,4628,1,2,True,True,0.0008460000390186906,0.01869469997473061,,0.0195407000137493
city-jp,KYOTO+OTSU+TOKYO=NAGOYA,3,9,6,10,True,all,cadical153,1321,4511,1,2,True,True,0.0008417000062763691,0.023268299992196262,,0.02410999999847263
city-jp,KYOTO+OTSU+TOYAMA=MATSUE,3,9,6,10,True,all,cadical153,1355,4615,1,2,True,True,0.0008601999143138528,0.04164690000470728,,0.04250709991902113
city-jp,KYOTO+OTSU+TSU=NAGANO,3,9,6,10,True,all,cadical153,1200,3954,1,2,True,True,0.0007571999449282885,0.003236599965021014,,0.003993799909949303
city-jp,KYOTO+SAGA+TOKYO=HAKONE,3,10,6,10,True,all,cadical153,1340,4628,1,2,True,True,0.0008665000787004828,0.019962900085374713,,0.020829400164075196
city-jp,KYOTO+SAGA+TOYAMA=NAGANO,3,9,6,10,True,all,cadical153,1355,4615,1,2,True,True,0.0008736000163480639,0.0066497999941930175,,0.007523400010541081
city-jp,KYOTO+SAGA+TSU=URAWA,3,10,5,10,True,all,cadical153,1150,3916,1,2,True,True,0.0007428000681102276,0.022384600015357137,,0.023127400083467364
city-jp,KYOTO+TOKYO+URAWA=NAGANO,3,10,6,10,True,all,cadical153,1409,4963,1,2,True,True,0.0009605999803170562,0.017515899962745607,,0.018476499943062663
city-jp,KYOTO+TOKYO+ZUSHI=NIKKO,3,10,5,10,True,all,cadical153,1340,4808,1,2,True,True,0.0008722000056877732,0.034273400087840855,,0.03514560009352863
city-jp,KYOTO+TOKYO+ZUSHI=OSAKA,3,10,5,10,True,all,cadical153,1340,4808,1,2,True,True,0.0008962999563664198,0.04760509997140616,,0.04850139992777258
city-jp,KYOTO+TOTTORI+TOYAMA=SAPPORO,3,10,7,10,True,all,cadical153,1598,5548,1,2,True,True,0.001003699959255755,0.008705299813300371,,0.009708999772556126
city-jp,KYOTO+TOYAMA+TSU=MATSUE,3,9,6,10,True,all,cadical153,1286,4280,1,2,True,True,0.0008191000670194626,0.02545420010574162,,0.026273300172761083
city-jp,MATSUE+MITO+NARA=AOMORI,3,10,6,10,True,all,cadical153,1320,4497,1,2,True,True,0.0008423000108450651,0.007079299888573587,,0.007921599899418652
city-jp,MATSUE+MITO+SAPPORO=TOTTORI,3,10,7,10,True,all,cadical153,1529,5213,1,2,True,True,0.000977399991825223,0.02524220012128353,,0.026219600113108754
city-jp,MATSUE+NAGOYA+SAGA=TOYAMA,3,10,6,10,True,all,cadical153,1426,4954,1,2,True,True,0.001005799975246191,0.024911400047130883,,0.025917200022377074
city-jp,MATSUE+OITA+TOYAMA=AOMORI,3,10,6,10,True,all,cadical153,1426,4954,1,2,True,True,0.0008871000027284026,0.01310930005274713,,0.013996400055475533
city-jp,MATSUE+OKAYAMA+TOYAMA=FUKUOKA,3,10,7,10,True,all,cadical153,1667,5883,1,2,True,True,0.0010967999696731567,0.03883590002078563,,0.039932699990458786
city-jp,MATSUE+OSAKA+OTSU=TOYAMA,3,9,6,10,True,all,cadical153,1355,4615,1,2,True,True,0.0008554999949410558,0.01279049995355308,,0.013645999948494136
city-jp,MATSUE+OTSU+TOKYO=TOYAMA,3,9,6,10,True,all,cadical153,1355,4615,1,2,True,True,0.0008636999409645796,0.026901099947281182,,0.02776479988824576
city-jp,MATSUE+OTSU+TOYAMA=AOMORI,3,10,6,10,True,all,cadical153,1426,4954,1,2,True,True,0.0009092999389395118,0.015186599921435118,,0.01609589986037463
city-jp,MATSUE+OTSU+TOYAMA=NAGOYA,3,10,6,10,True,all,cadical153,1426,4954,1,2,True,True,0.0008971999632194638,0.03743879985995591,,0.03833599982317537
city-jp,MATSUE+OTSU+TSU=SENDAI,3,10,6,10,True,all,cadical153,1251,4162,1,2,True,True,0.0007765000918880105,0.00720360002014786,,0.00798010011203587
city-jp,MATSUE+SAGA+SENDAI=NIIGATA,3,10,7,10,True,all,cadical153,1495,5109,1,2,True,True,0.0013455000007525086,0.009112599887885153,,0.010458099888637662
city-jp,MATSUE+SAGA+TOYAMA=NAGANO,3,10,6,10,True,all,cadical153,1426,4954,1,2,True,True,0.0009998999303206801,0.031706899986602366,,0.032706799916923046
city-jp,MATSUE+TOTTORI+TSU=MORIOKA,3,10,7,10,True,all,cadical153,1460,4878,1,2,True,True,0.0009229000424966216,0.009105400065891445,,0.010028300108388066
city-jp,MATSUE+TOYAMA+TSU=NAGOYA,3,10,6,10,True,all,cadical153,1357,4619,1,2,True,True,0.030997599940747023,0.10396720003336668,,0.1349647999741137
city-jp,MITO+MIYAZAKI+TOTTORI=YOKOHAMA,3,10,8,10,True,all,cadical153,1684,5694,1,2,True,True,0.0010619000531733036,0.011817699996754527,,0.01287960004992783
city-jp,MITO+MORIOKA+ODAWARA=TOTTORI,3,9,7,10,True,all,cadical153,1562,5318,1,2,True,True,0.0012657999759539962,0.012832399923354387,,0.014098199899308383
city-jp,MITO+MORIOKA+OSAKA=FUKUOKA,3,10,7,10,True,all,cadical153,1475,4978,1,2,True,True,0.0009188000112771988,0.0024019000120460987,,0.0033207000233232975
city-jp,MITO+NAGANO+NIKKO=TOYAMA,3,9,6,10,True,all,cadical153,1355,4615,1,2,True,True,0.0008773000445216894,0.004827100085094571,,0.0057044001296162605
city-jp,MITO+NAGANO+SAGA=TOYAMA,3,9,6,10,True,all,cadical153,1301,4380,1,2,True,True,0.000806800089776516,0.005875499919056892,,0.006682300008833408
city-jp,MITO+NAGANO+TOKYO=AOMORI,3,10,6,10,True,all,cadical153,1374,4732,1,2,True,True,0.0009091000538319349,0.010590100078843534,,0.011499200132675469
city-jp,MITO+NAGOYA+TOKYO=AOMORI,3,10,6,10,True,all,cadical153,1374,4732,1,2,True,True,0.0008832999737933278,0.023801399976946414,,0.02468469995073974
city-jp,MITO+NAGOYA+TOTTORI=MORIOKA,3,10,7,10,True,all,cadical153,1529,5213,1,2,True,True,0.0009978999150916934,0.010404400061815977,,0.01140229997690767
city-jp,MITO+NIKKO+TOKYO=NAGANO,3,9,6,10,True,all,cadical153,1321,4511,1,2,True,True,0.0013227000599727035,0.002960499841719866,,0.004283199901692569
city-jp,MITO+OITA+OSAKA=SENDAI,3,10,6,10,True,all,cadical153,1288,4406,1,2,True,True,0.000864999950863421,0.0032352000707760453,,0.004100200021639466
city-jp,MITO+OITA+TOKYO=HAKONE,3,10,6,10,True,all,cadical153,1288,4406,1,2,True,True,0.0007995999185368419,0.004757000133395195,,0.005556600051932037
city-jp,MITO+OKAYAMA+TOTTORI=MORIOKA,3,8,7,10,True,all,cadical153,1543,5211,1,2,True,True,0.0009414000669494271,0.01076860015746206,,0.011710000224411488
city-jp,MITO+OKAYAMA+TOYAMA=ODAWARA,3,10,7,10,True,all,cadical153,1529,5213,1,2,True,True,0.0010807000799104571,0.005680799949914217,,0.006761500029824674
city-jp,MITO+OSAKA+OTSU=MATSUE,3,9,6,10,True,all,cadical153,1269,4289,1,2,True,True,0.0008251999970525503,0.0038165999576449394,,0.00464179995469749
city-jp,MITO+OSAKA+TOKYO=NAGANO,3,10,6,10,True,all,cadical153,1340,4628,1,2,True,True,0.0013638000236824155,0.0044966001296415925,,0.005860400153324008
city-jp,MITO+OTSU+TSU=OSAKA,3,8,5,10,True,all,cadical153,1078,3588,1,2,True,True,0.0006800999399274588,0.003209299989975989,,0.0038893999299034476
city-jp,MITO+SAPPORO+TOTTORI=NIIGATA,3,10,7,10,True,all,cadical153,1581,5435,1,2,True,True,0.0010926000541076064,0.015086400089785457,,0.016179000143893063
city-jp,MITO+TOKYO+TOTTORI=SAPPORO,3,10,7,10,True,all,cadical153,1475,4978,1,2,True,True,0.0010730000212788582,0.0015718000940978527,,0.002644800115376711
city-jp,MIYAZAKI+MORIOKA+TOTTORI=WAKAYAMA,3,10,8,10,True,all,cadical153,1891,6699,1,2,True,True,0.0012787000741809607,0.03195560001768172,,0.03323430009186268
city-jp,MIYAZAKI+NAGASAKI+SAGA=WAKAYAMA,3,10,8,10,True,all,cadical153,1736,5916,1,2,True,True,0.0012832001084461808,0.0019781000446528196,,0.0032613001530990005
city-jp,MORIOKA+NAGANO+OITA=TOTTORI,3,9,7,10,True,all,cadical153,1510,5096,1,2,True,True,0.0010849999962374568,0.009706799988634884,,0.010791799984872341
city-jp,MORIOKA+NAGANO+SAGA=SAPPORO,3,10,7,10,True,all,cadical153,1529,5213,1,2,True,True,0.026215099962428212,0.02032449992839247,,0.04653959989082068
city-jp,MORIOKA+NAGANO+TOKYO=TOTTORI,3,10,7,10,True,all,cadical153,1598,5548,1,2,True,True,0.0010109000140801072,0.04160609992686659,,0.0426169999409467
city-jp,MORIOKA+NAGOYA+NIKKO=NIIGATA,3,10,7,10,True,all,cadical153,1598,5548,1,2,True,True,0.0010652999626472592,0.01066749996971339,,0.011732799932360649
city-jp,MORIOKA+NAGOYA+OKAYAMA=YAMAGATA,3,10,8,10,True,all,cadical153,1788,6260,1,2,True,True,0.0019338000565767288,0.006510700099170208,,0.008444500155746937
city-jp,MORIOKA+NAGOYA+TOKYO=TOTTORI,3,10,7,10,True,all,cadical153,1598,5548,1,2,True,True,0.0016818000003695488,0.03727440000511706,,0.03895620000548661
city-jp,MORIOKA+NAGOYA+TOTTORI=OKAYAMA,3,10,7,10,True,all,cadical153,1719,6105,1,2,True,True,0.0011884999694302678,0.01707850000821054,,0.018266999977640808
city-jp,MORIOKA+NAHA+YOKOHAMA=MIYAZAKI,3,10,8,10,True,all,cadical153,1684,5694,1,2,True,True,0.001065499964170158,0.004931999952532351,,0.005997499916702509
city-jp,MORIOKA+NARA+TOYAMA=NIIGATA,3,10,7,10,True,all,cadical153,1529,5213,1,2,True,True,0.0012299999361857772,0.006189699983224273,,0.00741969991941005
city-jp,MORIOKA+NIIGATA+TOTTORI=KAMAKURA,3,10,8,10,True,all,cadical153,1857,6595,1,2,True,True,0.001248599961400032,0.010823600110597908,,0.01207220007199794
city-jp,MORIOKA+NIIGATA+TOYAMA=YAMAGATA,3,10,8,10,True,all,cadical153,1788,6260,1,2,True,True,0.0011078000534325838,0.012499799951910973,,0.013607600005343556
city-jp,MORIOKA+NIKKO+TOTTORI=OKAYAMA,3,9,7,10,True,all,cadical153,1631,5653,1,2,True,True,0.0010671000927686691,0.009188100113533437,,0.010255200206302106
city-jp,MORIOKA+OITA+OSAKA=FUKUOKA,3,10,7,10,True,all,cadical153,1475,4978,1,2,True,True,0.001018499955534935,0.010420499951578677,,0.011438999907113612
city-jp,MORIOKA+OKAYAMA+TOTTORI=KUMAMOTO,3,9,8,10,True,all,cadical153,1838,6478,1,2,True,True,0.001172299962490797,0.012745999963954091,,0.013918299926444888
city-jp,MORIOKA+OKAYAMA+TOYAMA=KAMAKURA,3,9,8,10,True,all,cadical153,1769,6143,1,2,True,True,0.0011137999827042222,0.003287899889983237,,0.004401699872687459
city-jp,MORIOKA+OSAKA+OTSU=OKAYAMA,3,10,7,10,True,all,cadical153,1475,4978,1,2,True,True,0.0011665000347420573,0.0009076000424101949,,0.002074100077152252
city-jp,MORIOKA+OSAKA+TOKYO=SAPPORO,3,10,7,10,True,all,cadical153,1544,5313,1,2,True,True,0.0009496000129729509,0.0027898000553250313,,0.003739400068297982
city-jp,MORIOKA+OSAKA+TOTTORI=FUKUOKA,3,10,7,10,True,all,cadical153,1650,5770,1,2,True,True,0.0010472999420017004,0.022180699976161122,,0.023227999918162823
city-jp,MORIOKA+OSAKA+TOTTORI=SAPPORO,3,9,7,10,True,all,cadical153,1631,5653,1,2,True,True,0.027464899932965636,0.005274199997074902,,0.03273909993004054
city-jp,MORIOKA+OTSU+TOKYO=OKAYAMA,3,10,7,10,True,all,cadical153,1475,4978,1,2,True,True,0.000969699933193624,0.001254500006325543,,0.002224199939519167
city-jp,MORIOKA+TOKYO+TOTTORI=FUKUOKA,3,10,7,10,True,all,cadical153,1650,5770,1,2,True,True,0.001276699942536652,0.04054069996345788,,0.041817399905994534
city-jp,MORIOKA+TOKYO+TOYAMA=NIIGATA,3,10,7,10,True,all,cadical153,1598,5548,1,2,True,True,0.0010346999624744058,0.019565099850296974,,0.02059979981277138
city-jp,MORIOKA+TOTTORI+TSU=FUKUOKA,3,10,7,10,True,all,cadical153,1512,5100,1,2,True,True,0.0009785000002011657,0.017186200013384223,,0.01816470001358539
city-jp,MORIOKA+TOTTORI+TSU=OKAYAMA,3,10,7,10,True,all,cadical153,1512,5100,1,2,True,True,0.0010594999184831977,0.013965500053018332,,0.01502499997150153
city-jp,NAGANO+NAGASAKI+NIIGATA=KUMAMOTO,3,10,8,10,True,all,cadical153,1822,6364,1,2,True,True,0.001130599994212389,0.006664000102318823,,0.007794600096531212
city-jp,NAGANO+NAGOYA+NIKKO=SAPPORO,3,10,7,10,True,all,cadical153,1564,5444,1,2,True,True,0.001004299963824451,0.0035291999811306596,,0.0045334999449551105
city-jp,NAGANO+NAGOYA+NIKKO=SENDAI,3,10,6,10,True,all,cadical153,1495,5289,1,2,True,True,0.000959100085310638,0.03624570008832961,,0.03720480017364025
city-jp,NAGANO+NAGOYA+ODAWARA=OKAYAMA,3,10,7,10,True,all,cadical153,1667,5883,1,2,True,True,0.001082699978724122,0.0035880999639630318,,0.004670799942687154
city-jp,NAGANO+NAGOYA+OITA=TOYAMA,3,8,6,10,True,all,cadical153,1388,4730,1,2,True,True,0.000941599952057004,0.002571700024418533,,0.003513299976475537
city-jp,NAGANO+NAGOYA+OKAYAMA=ODAWARA,3,10,7,10,True,all,cadical153,1667,5883,1,2,True,True,0.001016200054436922,0.004994599963538349,,0.006010800017975271
city-jp,NAGANO+NAGOYA+OKAYAMA=TOTTORI,3,10,7,10,True,all,cadical153,1667,5883,1,2,True,True,0.0010605000425130129,0.007131200050935149,,0.008191700093448162
city-jp,NAGANO+NAGOYA+SAGA=SENDAI,3,9,6,10,True,all,cadical153,1407,4837,1,2,True,True,0.0008747000247240067,0.009451600024476647,,0.010326300049200654
city-jp,NAGANO+NAGOYA+TOKYO=FUKUOKA,3,9,7,10,True,all,cadical153,1545,5327,1,2,True,True,0.0009583999635651708,0.018409300013445318,,0.01936769997701049
city-jp,NAGANO+NAGOYA+TOKYO=TOYAMA,3,8,6,10,True,all,cadical153,1457,5065,1,2,True,True,0.001026500016450882,0.005677700042724609,,0.006704200059175491
city-jp,NAGANO+NAGOYA+TOYAMA=FUKUOKA,3,10,7,10,True,all,cadical153,1633,5779,1,2,True,True,0.0010461000492796302,0.003391199978068471,,0.004437300027348101
city-jp,NAGANO+NAGOYA+TOYAMA=ODAWARA,3,10,7,10,True,all,cadical153,1633,5779,1,2,True,True,0.0010656999656930566,0.004418399999849498,,0.005484099965542555
city-jp,NAGANO+NAGOYA+TSU=OKAYAMA,3,10,7,10,True,all,cadical153,1426,4774,1,2,True,True,0.0009222999215126038,0.0029618999687954783,,0.003884199890308082
city-jp,NAGANO+NAHA+NIKKO=SENDAI,3,10,6,10,True,all,cadical153,1374,4732,1,2,True,True,0.0008687999797984958,0.026374699897132814,,0.02724349987693131
city-jp,NAGANO+NAHA+TOKYO=TOYAMA,3,9,6,10,True,all,cadical153,1355,4615,1,2,True,True,0.0008800000650808215,0.007422499940730631,,0.008302500005811453
city-jp,NAGANO+NARA+NIKKO=SENDAI,3,10,6,10,True,all,cadical153,1374,4732,1,2,True,True,0.0008853999897837639,0.02584230003412813,,0.026727700023911893
city-jp,NAGANO+NARA+SAPPORO=OKAYAMA,3,10,7,10,True,all,cadical153,1529,5213,1,2,True,True,0.0010992999887093902,0.0029301000759005547,,0.004029400064609945
city-jp,NAGANO+NARA+TOKYO=TOYAMA,3,9,6,10,True,all,cadical153,1355,4615,1,2,True,True,0.028780799941159785,0.008233800064772367,,0.03701460000593215
city-jp,NAGANO+NIIGATA+NIKKO=FUKUOKA,3,9,7,10,True,all,cadical153,1579,5431,1,2,True,True,0.001833599992096424,0.030813400051556528,,0.03264700004365295
city-jp,NAGANO+NIIGATA+NIKKO=OKAYAMA,3,9,7,10,True,all,cadical153,1579,5431,1,2,True,True,0.0012517999857664108,0.0066871000453829765,,0.007938900031149387
city-jp,NAGANO+NIIGATA+OKAYAMA=MORIOKA,3,10,7,10,True,all,cadical153,1719,6105,1,2,True,True,0.0011823000386357307,0.005947300116531551,,0.007129600155167282
city-jp,NAGANO+NIIGATA+TOKYO=TOTTORI,3,9,7,10,True,all,cadical153,1579,5431,1,2,True,True,0.0010000000474974513,0.006106699933297932,,0.0071066999807953835
city-jp,NAGANO+NIIGATA+TOTTORI=MORIOKA,3,9,7,10,True,all,cadical153,1700,5988,1,2,True,True,0.0012775000650435686,0.020159600069746375,,0.021437100134789944
city-jp,NAGANO+NIIGATA+TSU=TOTTORI,3,9,7,10,True,all,cadical153,1441,4761,1,2,True,True,0.0010056000901386142,0.004501899937167764,,0.005507500027306378
city-jp,NAGANO+NIKKO+OITA=SENDAI,3,10,6,10,True,all,cadical153,1374,4732,1,2,True,True,0.0008596000261604786,0.040949099930003285,,0.041808699956163764
city-jp,NAGANO+NIKKO+SENDAI=HAKONE,3,10,6,10,True,all,cadical153,1495,5289,1,2,True,True,0.001103100017644465,0.052577200112864375,,0.05368030013050884
city-jp,NAGANO+NIKKO+TOKYO=AOMORI,3,10,6,10,True,all,cadical153,1443,5067,1,2,True,True,0.0009444000897929072,0.013925000093877316,,0.014869400183670223
city-jp,NAGANO+NIKKO+TOTTORI=MORIOKA,3,9,7,10,True,all,cadical153,1579,5431,1,2,True,True,0.0010871000122278929,0.02685720007866621,,0.027944300090894103
city-jp,NAGANO+NIKKO+TOTTORI=OKAYAMA,3,10,7,10,True,all,cadical153,1598,5548,1,2,True,True,0.001021499978378415,0.011971100000664592,,0.012992599979043007
city-jp,NAGANO+NIKKO+URAWA=AOMORI,3,10,6,10,True,all,cadical153,1443,5067,1,2,True,True,0.0009415000677108765,0.013651199988089502,,0.014592700055800378
city-jp,NAGANO+OITA+OTSU=SENDAI,3,10,6,10,True,all,cadical153,1320,4497,1,2,True,True,0.0008277000160887837,0.008676899946294725,,0.009504599962383509
city-jp,NAGANO+OITA+SAGA=SENDAI,3,9,6,10,True,all,cadical153,1301,4380,1,2,True,True,0.0008017999352887273,0.004776700050570071,,0.005578499985858798
city-jp,NAGANO+OTSU+TOKYO=TOYAMA,3,10,6,10,True,all,cadical153,1374,4732,1,2,True,True,0.000844899914227426,0.007884100079536438,,0.008728999993763864
city-jp,NAGANO+SAGA+SENDAI=AOMORI,3,10,6,10,True,all,cadical153,1426,4954,1,2,True,True,0.0008772999281063676,0.01942090003285557,,0.020298199960961938
city-jp,NAGANO+SAGA+SENDAI=TOTTORI,3,10,7,10,True,all,cadical153,1495,5109,1,2,True,True,0.001016099937260151,0.009490299969911575,,0.010506399907171726
city-jp,NAGANO+SAGA+TOYAMA=MATSUE,3,10,6,10,True,all,cadical153,1426,4954,1,2,True,True,0.0009027000050991774,0.036303099943324924,,0.0372057999484241
city-jp,NAGANO+SAGA+TOYAMA=SAPPORO,3,10,7,10,True,all,cadical153,1495,5109,1,2,True,True,0.02915780001785606,0.003855300019495189,,0.03301310003735125
city-jp,NAGANO+TOKYO+TOYAMA=AOMORI,3,10,6,10,True,all,cadical153,1495,5289,1,2,True,True,0.000989000080153346,0.023439500015228987,,0.024428500095382333
city-jp,NAGANO+TOKYO+TSU=TOYAMA,3,10,6,10,True,all,cadical153,1305,4397,1,2,True,True,0.0008707999950274825,0.010683100088499486,,0.011553900083526969
city-jp,NAGOYA+NAHA+TOKYO=HAKONE,3,9,6,10,True,all,cadical153,1355,4615,1,2,True,True,0.0008774999296292663,0.026753200101666152,,0.02763070003129542
city-jp,NAGOYA+NAHA+TOKYO=TOYAMA,3,9,6,10,True,all,cadical153,1355,4615,1,2,True,True,0.0008809999562799931,0.0033588999649509788,,0.004239899921230972
city-jp,NAGOYA+NAHA+TOYAMA=HAKONE,3,10,6,10,True,all,cadical153,1426,4954,1,2,True,True,0.0009198000188916922,0.014898499939590693,,0.015818299958482385
city-jp,NAGOYA+NARA+OKAYAMA=MORIOKA,3,9,7,10,True,all,cadical153,1510,5096,1,2,True,True,0.0009718000655993819,0.004562300047837198,,0.00553410011343658
city-jp,NAGOYA+NARA+TOKYO=AOMORI,3,10,6,10,True,all,cadical153,1374,4732,1,2,True,True,0.0008501999545842409,0.017791600083000958,,0.0186418000375852
city-jp,NAGOYA+NARA+TOKYO=TOYAMA,3,9,6,10,True,all,cadical153,1355,4615,1,2,True,True,0.0008461000397801399,0.0033933999948203564,,0.004239500034600496
city-jp,NAGOYA+NARA+TOTTORI=MORIOKA,3,10,7,10,True,all,cadical153,1529,5213,1,2,True,True,0.0010559000074863434,0.012003700016066432,,0.013059600023552775
city-jp,NAGOYA+NARA+URAWA=TOYAMA,3,10,6,10,True,all,cadical153,1374,4732,1,2,True,True,0.0008983999723568559,0.01016990002244711,,0.011068299994803965
city-jp,NAGOYA+NIIGATA+NIKKO=OKAYAMA,3,9,7,10,True,all,cadical153,1579,5431,1,2,True,True,0.0012211999855935574,0.003717100014910102,,0.004938300000503659
city-jp,NAGOYA+NIIGATA+NIKKO=TOTTORI,3,9,7,10,True,all,cadical153,1579,5431,1,2,True,True,0.0009616999886929989,0.005442099994979799,,0.006403799983672798
city-jp,NAGOYA+NIIGATA+SAGA=OKAYAMA,3,10,7,10,True,all,cadical153,1529,5213,1,2,True,True,0.0010752000380307436,0.00306979997549206,,0.004145000013522804
city-jp,NAGOYA+ODAWARA+TOTTORI=NIIGATA,3,10,7,10,True,all,cadical153,1719,6105,1,2,True,True,0.0010857000015676022,0.005660899914801121,,0.006746599916368723
city-jp,NAGOYA+OITA+TOKYO=AOMORI,3,10,6,10,True,all,cadical153,1374,4732,1,2,True,True,0.0010637000668793917,0.00904380006249994,,0.010107500129379332
city-jp,NAGOYA+OITA+TOKYO=FUKUOKA,3,10,7,10,True,all,cadical153,1443,4887,1,2,True,True,0.001033299951814115,0.007092100102454424,,0.008125400054268539
city-jp,NAGOYA+OITA+TOYAMA=MORIOKA,3,10,7,10,True,all,cadical153,1495,5109,1,2,True,True,0.0010820000898092985,0.007221100036986172,,0.00830310012679547
city-jp,NAGOYA+OKAYAMA+TOKYO=FUKUOKA,3,10,7,10,True,all,cadical153,1598,5548,1,2,True,True,0.0011190999066457152,0.00808090006466955,,0.009199999971315265
city-jp,NAGOYA+OKAYAMA+YAMAGATA=KANAZAWA,3,10,8,10,True,all,cadical153,1822,6364,1,2,True,True,0.0011280999751761556,0.004360900027677417,,0.005489000002853572
city-jp,NAGOYA+OTSU+TOYAMA=MATSUE,3,10,6,10,True,all,cadical153,1426,4954,1,2,True,True,0.0009309001034125686,0.03181269997730851,,0.03274360008072108
city-jp,NAGOYA+SAGA+TOKYO=FUKUOKA,3,10,7,10,True,all,cadical153,1443,4887,1,2,True,True,0.0009271000744774938,0.002697399933822453,,0.003624500008299947
city-jp,NAGOYA+SAGA+TOKYO=HAKONE,3,10,6,10,True,all,cadical153,1374,4732,1,2,True,True,0.0008571000071242452,0.042328799958340824,,0.04318589996546507
city-jp,NAGOYA+SAGA+TOKYO=TOYAMA,3,9,6,10,True,all,cadical153,1355,4615,1,2,True,True,0.0008490000618621707,0.006176199996843934,,0.007025200058706105
city-jp,NAGOYA+TOKYO+TOYAMA=AOMORI,3,10,6,10,True,all,cadical153,1495,5289,1,2,True,True,0.0009501000167801976,0.024897700059227645,,0.025847800076007843
city-jp,NAGOYA+TOKYO+TOYAMA=FUKUOKA,3,10,7,10,True,all,cadical153,1564,5444,1,2,True,True,0.027880200068466365,0.010082200053147972,,0.03796240012161434
city-jp,NAGOYA+TOKYO+TOYAMA=HAKONE,3,10,6,10,True,all,cadical153,1495,5289,1,2,True,True,0.0009813000215217471,0.05456890002824366,,0.05555020004976541
city-jp,NAGOYA+TOYAMA+TSU=MATSUE,3,10,6,10,True,all,cadical153,1357,4619,1,2,True,True,0.0009686999255791306,0.050408000126481056,,0.05137670005206019
city-jp,NAHA+OKAYAMA+TOYAMA=FUKUOKA,3,10,7,10,True,all,cadical153,1529,5213,1,2,True,True,0.0009718999499455094,0.00476749986410141,,0.005739399814046919
city-jp,NAHA+OKAYAMA+WAKAYAMA=KAMAKURA,3,10,8,10,True,all,cadical153,1684,5694,1,2,True,True,0.0011139999842271209,0.00171000009868294,,0.002824000082910061
city-jp,NAHA+OTSU+ZUSHI=NAGANO,3,10,6,10,True,all,cadical153,1288,4406,1,2,True,True,0.0008100999984890223,0.0049301000544801354,,0.005740200052969158
city-jp,NAHA+SENDAI+TSU=MATSUE,3,10,6,10,True,all,cadical153,1251,4162,1,2,True,True,0.0008313000435009599,0.004175100009888411,,0.0050064000533893704
city-jp,NAHA+WAKAYAMA+YOKOHAMA=KANAZAWA,3,9,8,10,True,all,cadical153,1717,5799,1,2,True,True,0.0010415000142529607,0.006392100010998547,,0.007433600025251508
city-jp,NARA+NIIGATA+SENDAI=TOTTORI,3,10,7,10,True,all,cadical153,1529,5213,1,2,True,True,0.0009449000936001539,0.012630899902433157,,0.013575799996033311
city-jp,NARA+NIKKO+SENDAI=HAKONE,3,10,6,10,True,all,cadical153,1374,4732,1,2,True,True,0.0009691999293863773,0.11454009998124093,,0.1155092999106273
city-jp,NARA+NIKKO+URAWA=HAKONE,3,10,6,10,True,all,cadical153,1340,4628,1,2,True,True,0.0008604000322520733,0.04755819996353239,,0.04841859999578446
city-jp,NARA+ODAWARA+TOKYO=OKAYAMA,3,10,7,10,True,all,cadical153,1475,4978,1,2,True,True,0.0010372999822720885,0.012022800045087934,,0.013060100027360022
city-jp,NARA+ODAWARA+URAWA=NIIGATA,3,10,7,10,True,all,cadical153,1475,4978,1,2,True,True,0.0009675999172031879,0.004322299966588616,,0.005289899883791804
city-jp,NARA+OKAYAMA+TOYAMA=FUKUOKA,3,10,7,10,True,all,cadical153,1529,5213,1,2,True,True,0.001684500020928681,0.0046987999230623245,,0.006383299943991005
city-jp,NARA+OSAKA+URAWA=HAKONE,3,10,6,10,True,all,cadical153,1340,4628,1,2,True,True,0.0008737000171095133,0.01015779993031174,,0.011031499947421253
city-jp,NARA+SENDAI+TOTTORI=ODAWARA,3,10,7,10,True,all,cadical153,1529,5213,1,2,True,True,0.0011962000280618668,0.017009399947710335,,0.018205599975772202
city-jp,NARA+SENDAI+TSU=MATSUE,3,10,6,10,True,all,cadical153,1251,4162,1,2,True,True,0.0008065999718382955,0.0041915999026969075,,0.004998199874535203
city-jp,NIIGATA+OITA+SENDAI=TOTTORI,3,10,7,10,True,all,cadical153,1529,5213,1,2,True,True,0.001039800001308322,0.024750899872742593,,0.025790699874050915
city-jp,NIIGATA+SAGA+SENDAI=TOTTORI,3,10,7,10,True,all,cadical153,1529,5213,1,2,True,True,0.0009948000079020858,0.026047800085507333,,0.02704260009340942
city-jp,NIKKO+OITA+OSAKA=HAKONE,3,9,6,10,True,all,cadical153,1321,4511,1,2,True,True,0.0008829999715089798,0.014200100093148649,,0.015083100064657629
city-jp,NIKKO+OITA+SENDAI=NAGANO,3,10,6,10,True,all,cadical153,1374,4732,1,2,True,True,0.0008913999190554023,0.026304599945433438,,0.02719599986448884
city-jp,NIKKO+OITA+TOKYO=SENDAI,3,10,6,10,True,all,cadical153,1340,4628,1,2,True,True,0.0008795000612735748,0.043423700029961765,,0.04430320009123534
city-jp,NIKKO+OITA+TOYAMA=HAKONE,3,10,6,10,True,all,cadical153,1374,4732,1,2,True,True,0.0009104999480769038,0.04216220008675009,,0.043072700034826994
city-jp,NIKKO+OKAYAMA+TOTTORI=KUMAMOTO,3,10,8,10,True,all,cadical153,1719,5925,1,2,True,True,0.0010813999688252807,0.006757099996320903,,0.007838499965146184
city-jp,NIKKO+OKAYAMA+TOTTORI=MORIOKA,3,9,7,10,True,all,cadical153,1631,5653,1,2,True,True,0.0011082000564783812,0.013353000045754015,,0.014461200102232397
city-jp,NIKKO+OSAKA+OTSU=HAKONE,3,10,6,10,True,all,cadical153,1340,4628,1,2,True,True,0.0008909000316634774,0.03347080003004521,,0.03436170006170869
city-jp,NIKKO+OSAKA+SAGA=HAKONE,3,9,6,10,True,all,cadical153,1321,4511,1,2,True,True,0.03119929996319115,0.010626600007526577,,0.04182589997071773
city-jp,NIKKO+OSAKA+SAGA=NAGANO,3,7,6,10,True,all,cadical153,1283,4307,1,2,True,True,0.0008465000428259373,0.001989700016565621,,0.002836200059391558
city-jp,NIKKO+OSAKA+SAGA=SENDAI,3,9,6,10,True,all,cadical153,1321,4511,1,2,True,True,0.0008915000362321734,0.010344999842345715,,0.011236499878577888
city-jp,NIKKO+OSAKA+SENDAI=HAKONE,3,9,6,10,True,all,cadical153,1424,4950,1,2,True,True,0.0009085999336093664,0.11739450006280094,,0.11830309999641031
city-jp,NIKKO+OSAKA+TOKYO=AKITA,3,8,5,10,True,all,cadical153,1302,4584,1,2,True,True,0.0009274000767618418,0.005288599990308285,,0.0062160000670701265
city-jp,NIKKO+OSAKA+TSU=SENDAI,3,10,6,10,True,all,cadical153,1271,4293,1,2,True,True,0.0008024000562727451,0.016475300071761012,,0.017277700128033757
city-jp,NIKKO+OTSU+TSU=MATSUE,3,10,6,10,True,all,cadical153,1219,4071,1,2,True,True,0.0008321999339386821,0.0045912000350654125,,0.005423399969004095
city-jp,NIKKO+SAGA+TOYAMA=NAGOYA,3,10,6,10,True,all,cadical153,1374,4732,1,2,True,True,0.0008454000344499946,0.01008379994891584,,0.010929199983365834
city-jp,NIKKO+SAGA+ZUSHI=NAGANO,3,10,6,10,True,all,cadical153,1340,4628,1,2,True,True,0.0009267999557778239,0.002482200041413307,,0.003408999997191131
city-jp,NIKKO+TOKYO+TOYAMA=NAGANO,3,9,6,10,True,all,cadical153,1424,4950,1,2,True,True,0.00091559998691082,0.0074044999200850725,,0.008320099906995893
city-jp,ODAWARA+OITA+TOTTORI=SAPPORO,3,9,7,10,True,all,cadical153,1562,5318,1,2,True,True,0.0009908000938594341,0.010636400082148612,,0.011627200176008046
city-jp,ODAWARA+OKAYAMA+WAKAYAMA=YAMAGATA,3,10,8,10,True,all,cadical153,1891,6699,1,2,True,True,0.0013318000128492713,0.004159800009801984,,0.005491600022651255
city-jp,ODAWARA+OSAKA+TOKYO=SAPPORO,3,10,7,10,True,all,cadical153,1544,5313,1,2,True,True,0.0009763999842107296,0.005344199948012829,,0.006320599932223558
city-jp,ODAWARA+OTSU+SAPPORO=TOTTORI,3,10,7,10,True,all,cadical153,1581,5435,1,2,True,True,0.001033900072798133,0.014317699940875173,,0.015351600013673306
city-jp,ODAWARA+TOTTORI+URAWA=FUKUOKA,3,10,7,10,True,all,cadical153,1650,5770,1,2,True,True,0.0010266000172123313,0.01881490007508546,,0.019841500092297792
city-jp,OITA+OKAYAMA+TOTTORI=SAPPORO,3,10,7,10,True,all,cadical153,1581,5435,1,2,True,True,0.0012349000899121165,0.01212369988206774,,0.013358599971979856
city-jp,OITA+OKAYAMA+TOYAMA=MORIOKA,3,8,7,10,True,all,cadical153,1491,4989,1,2,True,True,0.001172299962490797,0.008864200091920793,,0.01003650005441159
city-jp,OITA+OSAKA+TOKYO=SENDAI,3,10,6,10,True,all,cadical153,1340,4628,1,2,True,True,0.000969699933193624,0.014543700031936169,,0.015513399965129793
city-jp,OITA+OTSU+SAPPORO=NIIGATA,3,10,7,10,True,all,cadical153,1421,4743,1,2,True,True,0.0009615999879315495,0.0037540000630542636,,0.004715600050985813
city-jp,OITA+SENDAI+TSU=NAGANO,3,10,6,10,True,all,cadical153,1251,4162,1,2,True,True,0.000772800063714385,0.004043900058604777,,0.004816700122319162
city-jp,OKAYAMA+OSAKA+TOYAMA=FUKUOKA,3,9,7,10,True,all,cadical153,1579,5431,1,2,True,True,0.029809499974362552,0.0069772000424563885,,0.03678670001681894
city-jp,OKAYAMA+OSAKA+TOYAMA=NIIGATA,3,10,7,10,True,all,cadical153,1598,5548,1,2,True,True,0.0014513999922201037,0.017674099886789918,,0.01912549987901002
city-jp,OKAYAMA+OSAKA+WAKAYAMA=KAMAKURA,3,9,8,10,True,all,cadical153,1734,5912,1,2,True,True,0.00185779994353652,0.00235849991440773,,0.00421629985794425
city-jp,OKAYAMA+OTSU+TOTTORI=MORIOKA,3,10,7,10,True,all,cadical153,1581,5435,1,2,True,True,0.0010960000799968839,0.015104300109669566,,0.01620030018966645
city-jp,OKAYAMA+OTSU+TOYAMA=SAPPORO,3,10,7,10,True,all,cadical153,1529,5213,1,2,True,True,0.0009721999522298574,0.013182200025767088,,0.014154399977996945
city-jp,OKAYAMA+OTSU+WAKAYAMA=KAMAKURA,3,10,8,10,True,all,cadical153,1684,5694,1,2,True,True,0.0011593999806791544,0.0014088000170886517,,0.002568199997767806
city-jp,OKAYAMA+SAGA+TOYAMA=FUKUOKA,3,10,7,10,True,all,cadical153,1529,5213,1,2,True,True,0.0009373000357300043,0.004279399989172816,,0.005216700024902821
city-jp,OKAYAMA+SAGA+WAKAYAMA=KAMAKURA,3,10,8,10,True,all,cadical153,1684,5694,1,2,True,True,0.0010960000799968839,0.0013587999856099486,,0.0024548000656068325
city-jp,OKAYAMA+TAKAMATSU+TSU=TOKUSHIMA,3,10,9,10,True,all,cadical153,1716,5605,1,2,True,True,0.0010127000277861953,0.007290199981071055,,0.00830290000885725
city-jp,OKAYAMA+TOKYO+TOTTORI=SAPPORO,3,10,7,10,True,all,cadical153,1650,5770,1,2,True,True,0.0012327999575063586,0.015805199975147843,,0.017037999932654202
city-jp,OKAYAMA+TOKYO+TOYAMA=FUKUOKA,3,8,7,10,True,all,cadical153,1560,5324,1,2,True,True,0.0011457999935373664,0.007186700007878244,,0.00833250000141561
city-jp,OKAYAMA+TOKYO+TOYAMA=SAPPORO,3,9,7,10,True,all,cadical153,1579,5431,1,2,True,True,0.0012653999729081988,0.007131700054742396,,0.008397100027650595
city-jp,OKAYAMA+TOKYO+TOYAMA=TOTTORI,3,8,7,10,True,all,cadical153,1560,5324,1,2,True,True,0.0010177000658586621,0.002569400006905198,,0.0035871000727638602
city-jp,OKAYAMA+TOTTORI+URAWA=MORIOKA,3,10,7,10,True,all,cadical153,1650,5770,1,2,True,True,0.0012580000329762697,0.017351700109429657,,0.018609700142405927
city-jp,OKAYAMA+TOYAMA+WAKAYAMA=MIYAZAKI,3,9,8,10,True,all,cadical153,1803,6247,1,2,True,True,0.0011136999819427729,0.0015594001160934567,,0.0026731000980362296
city-jp,OKAYAMA+TOYAMA+YAMAGATA=KAMAKURA,3,9,8,10,True,all,cadical153,1803,6247,1,2,True,True,0.001439599902369082,0.005147999967448413,,0.006587599869817495
city-jp,OKAYAMA+TOYAMA+YAMAGATA=KANAZAWA,3,10,8,10,True,all,cadical153,1822,6364,1,2,True,True,0.001311599975451827,0.003212600015103817,,0.004524199990555644
city-jp,OSAKA+OTSU+TOKYO=AOMORI,3,10,6,10,True,all,cadical153,1340,4628,1,2,True,True,0.0008440999081358314,0.010261200135573745,,0.011105300043709576
city-jp,OSAKA+OTSU+TOKYO=NAGANO,3,9,6,10,True,all,cadical153,1321,4511,1,2,True,True,0.02866780001204461,0.017152499873191118,,0.04582029988523573
city-jp,OSAKA+OTSU+TOYAMA=MATSUE,3,9,6,10,True,all,cadical153,1355,4615,1,2,True,True,0.0011075000511482358,0.01612160005606711,,0.017229100107215345
city-jp,OSAKA+OTSU+TSU=NAGOYA,3,9,6,10,True,all,cadical153,1200,3954,1,2,True,True,0.0007595999632030725,0.0010988999856635928,,0.0018584999488666654
city-jp,OSAKA+OTSU+TSU=TOKYO,3,7,5,10,True,all,cadical153,1093,3595,1,2,True,True,0.000682600075379014,0.008700400008819997,,0.009383000084199011
city-jp,OSAKA+SAGA+SENDAI=HAKONE,3,10,6,10,True,all,cadical153,1374,4732,1,2,True,True,0.0008621999295428395,0.044105299981310964,,0.0449674999108538
city-jp,OSAKA+TOKYO+TSU=HAKONE,3,10,6,10,True,all,cadical153,1271,4293,1,2,True,True,0.0008526999736204743,0.0121800999622792,,0.013032799935899675
city-jp,OSAKA+TOKYO+TSU=NAGANO,3,9,6,10,True,all,cadical153,1252,4176,1,2,True,True,0.0008057999657467008,0.011219199979677796,,0.012024999945424497
city-jp,OSAKA+TOKYO+ZUSHI=KYOTO,3,10,5,10,True,all,cadical153,1340,4808,1,2,True,True,0.0011117999674752355,0.03530390001833439,,0.036415699985809624
city-jp,OSAKA+TOYAMA+TSU=AOMORI,3,10,6,10,True,all,cadical153,1305,4397,1,2,True,True,0.0008436000207439065,0.0049325000727549195,,0.005776100093498826
city-jp,OTSU+SAPPORO+TOTTORI=FUKUOKA,3,10,7,10,True,all,cadical153,1581,5435,1,2,True,True,0.0010338000720366836,0.014525900012813509,,0.015559700084850192
city-jp,OTSU+TOYAMA+YOKOHAMA=YAMAGATA,3,10,8,10,True,all,cadical153,1630,5459,1,2,True,True,0.0009952000109478831,0.003113199956715107,,0.00410839996766299
city-jp,OTSU+TSU+URAWA=NAGANO,3,9,6,10,True,all,cadical153,1200,3954,1,2,True,True,0.0007249999325722456,0.00102530000731349,,0.0017502999398857355
city-jp,OTSU+TSU+ZUSHI=NAGANO,3,10,6,10,True,all,cadical153,1219,4071,1,2,True,True,0.0007655000081285834,0.004611699958331883,,0.005377199966460466
city-jp,SAGA+TOKYO+TOYAMA=MATSUE,3,10,6,10,True,all,cadical153,1374,4732,1,2,True,True,0.0009321999968960881,0.019428499974310398,,0.020360699971206486
city-jp,TOKYO+TOTTORI+TOYAMA=ODAWARA,3,10,7,10,True,all,cadical153,1598,5548,1,2,True,True,0.0009997000452131033,0.0026047000428661704,,0.0036044000880792737
colors,BLACK+GREEN=ORANGE,2,10,6,10,True,all,cadical153,1047,3189,1,2,True,True,0.0006487999344244599,0.021198500064201653,,0.021847299998626113
colors,BROWN+PINK=IVORY,2,10,5,10,True,all,cadical153,929,2829,1,2,True,True,0.0005546000320464373,0.00199679983779788,,0.0025513998698443174
colors,BROWN+YELLOW=PURPLE,2,10,6,10,True,all,cadical153,1079,3280,1,2,True,True,0.0006428000051528215,0.014155999873764813,,0.014798799878917634
colors,GREEN+IVORY=ORANGE,2,9,6,10,True,all,cadical153,1028,3072,1,2,True,True,0.0006898000137880445,0.004011999815702438,,0.004701799829490483
colors,IVORY+PURPLE=VIOLET,2,10,6,10,True,all,cadical153,1079,3280,1,2,True,True,0.0006279000081121922,0.01186029997188598,,0.012488199979998171
colors,SILVER+VIOLET=PURPLE,2,10,6,10,True,all,cadical153,1128,3485,1,2,True,True,0.0009288000874221325,0.013839300023391843,,0.014768100110813975
colors,BLUE+BROWN+YELLOW=PURPLE,3,10,6,10,True,all,cadical153,1374,4732,1,2,True,True,0.0009458999847993255,0.10219290002714843,,0.10313880001194775
colors,BLUE+GREEN+PINK=PURPLE,3,10,6,10,True,all,cadical153,1288,4406,1,2,True,True,0.0012698000064119697,0.006788099999539554,,0.008057900005951524
colors,BROWN+CYAN+GRAY=ORANGE,3,10,6,10,True,all,cadical153,1288,4406,1,2,True,True,0.0008614000398665667,0.003991899895481765,,0.004853299935348332
colors,BROWN+GOLD+GREEN=YELLOW,3,10,6,10,True,all,cadical153,1340,4628,1,2,True,True,0.0008435000199824572,0.04173740011174232,,0.042580900131724775
colors,BROWN+GRAY+GREEN=YELLOW,3,10,6,10,True,all,cadical153,1340,4628,1,2,True,True,0.000915899989195168,0.04362130013760179,,0.04453720012679696
colors,BROWN+GRAY+MAROON=ORANGE,3,10,6,10,True,all,cadical153,1374,4732,1,2,True,True,0.0008634000550955534,0.025303900125436485,,0.026167300180532038
colors,BROWN+MAROON+ORANGE=MAGENTA,3,10,7,10,True,all,cadical153,1564,5444,1,2,True,True,0.0010412000119686127,0.013017300050705671,,0.014058500062674284
colors,CYAN+GRAY+ORANGE=YELLOW,3,10,6,10,True,all,cadical153,1320,4497,1,2,True,True,0.0008210999658331275,0.0226670999545604,,0.023488199920393527
colors,CYAN+GREEN+MAROON=ORANGE,3,9,6,10,True,all,cadical153,1355,4615,1,2,True,True,0.001795999938622117,0.027990699978545308,,0.029786699917167425
colors,CYAN+GREEN+ORANGE=YELLOW,3,10,6,10,True,all,cadical153,1374,4732,1,2,True,True,0.0009096999419853091,0.11742059991229326,,0.11833029985427856
colors,CYAN+GREEN+YELLOW=ORANGE,3,10,6,10,True,all,cadical153,1374,4732,1,2,True,True,0.0009361999109387398,0.07406180002726614,,0.07499799993820488
colors,GOLD+GREEN+MAROON=ORANGE,3,9,6,10,True,all,cadical153,1355,4615,1,2,True,True,0.0008599999127909541,0.019254600047133863,,0.020114599959924817
colors,GOLD+ORANGE+RED=YELLOW,3,10,6,10,True,all,cadical153,1251,4162,1,2,True,True,0.0008583000162616372,0.006177400005981326,,0.007035700022242963
colors,GRAY+GREEN+MAROON=YELLOW,3,10,6,10,True,all,cadical153,1374,4732,1,2,True,True,0.0008856999920681119,0.04524030000902712,,0.046126000001095235
colors,GRAY+GREEN+ORANGE=PURPLE,3,10,6,10,True,all,cadical153,1374,4732,1,2,True,True,0.0009323999984189868,0.10641130001749843,,0.10734370001591742
colors,GRAY+IVORY+MAROON=ORANGE,3,10,6,10,True,all,cadical153,1374,4732,1,2,True,True,0.0008969999616965652,0.038553699967451394,,0.03945069992914796
colors,GRAY+MAROON+ORANGE=YELLOW,3,10,6,10,True,all,cadical153,1426,4954,1,2,True,True,0.000977399991825223,0.07785530004184693,,0.07883270003367215
colors,GRAY+ORANGE+YELLOW=MAROON,3,10,6,10,True,all,cadical153,1426,4954,1,2,True,True,0.0009334000060334802,0.10087089997250587,,0.10180429997853935
colors,GREEN+IVORY+MAROON=ORANGE,3,10,6,10,True,all,cadical153,1443,5067,1,2,True,True,0.024395499960519373,0.04028429999016225,,0.06467979995068163
colors,GREEN+MAROON+PINK=ORANGE,3,10,6,10,True,all,cadical153,1374,4732,1,2,True,True,0.0008633000543341041,0.05098080006428063,,0.05184410011861473
colors,GREEN+MAROON+PURPLE=ORANGE,3,10,6,10,True,all,cadical153,1495,5289,1,2,True,True,0.0009848999325186014,0.055266099981963634,,0.056250999914482236
colors,GREEN+ORANGE+RED=YELLOW,3,10,6,10,True,all,cadical153,1305,4397,1,2,True,True,0.0009332000045105815,0.03495879995170981,,0.03589199995622039
computer,APPLE+CRACK=MEMORY,2,10,6,10,True,all,cadical153,1047,3189,1,2,True,True,0.0009407999459654093,0.01076530001591891,,0.01170609996188432
computer,APPLE+CRACK=REBOOT,2,10,6,10,True,all,cadical153,1047,3189,1,2,True,True,0.0006188000552356243,0.012671299977228045,,0.01329010003246367
computer,APPLE+FLOPPY=REBOOT,2,10,6,10,True,all,cadical153,1079,3280,1,2,True,True,0.0007791999960318208,0.007925500045530498,,0.008704700041562319
computer,APPLE+FOLDER=REBOOT,2,10,6,10,True,all,cadical153,1079,3280,1,2,True,True,0.0006513999542221427,0.014279399998486042,,0.014930799952708185
computer,APPLE+MAIL=FOLDER,2,10,6,10,True,all,cadical153,998,2984,1,2,True,True,0.0006099999882280827,0.0040565000381320715,,0.004666500026360154
computer,CRACK+ERROR=FOLDER,2,9,6,10,True,all,cadical153,1028,3072,1,2,True,True,0.0006670000730082393,0.0034796999534592032,,0.0041467000264674425
computer,CRACK+ERROR=HACKER,2,7,6,10,True,all,cadical153,990,2868,1,2,True,True,0.000582600012421608,0.0023901000386103988,,0.0029727000510320067
computer,CRACK+HACK=ERROR,2,7,5,10,True,all,cadical153,872,2508,1,2,True,True,0.0005113999359309673,0.0016030999831855297,,0.002114499919116497
computer,CRACK+HACK=MEMORY,2,9,6,10,True,all,cadical153,979,2867,1,2,True,True,0.0005779999773949385,0.0008490000618621707,,0.0014270000392571092
computer,CRACK+MEMORY=HACKER,2,9,6,10,True,all,cadical153,1060,3163,1,2,True,True,0.000631700037047267,0.014062900096178055,,0.014694600133225322
computer,CRACK+MPU=MOUSE,2,10,5,10,True,all,cadical153,880,2624,1,2,True,True,0.0006294000195339322,0.006282699876464903,,0.0069120998959988356
computer,CRACKER+HACKER=NETWORK,2,10,7,10,True,all,cadical153,1229,3731,1,2,True,True,0.0008278000168502331,0.004107799963094294,,0.004935599979944527
computer,CRACKER+REBOOT=NETWORK,2,10,7,10,True,all,cadical153,1229,3731,1,2,True,True,0.0009923999896273017,0.008516100002452731,,0.009508499992080033
computer,CRASH+ERROR=FOLDER,2,10,6,10,True,all,cadical153,1047,3189,1,2,True,True,0.0006370000774040818,0.01046610006596893,,0.011103100143373013
computer,CRASH+HACKER=MEMORY,2,10,6,10,True,all,cadical153,1079,3280,1,2,True,True,0.0007606000872328877,0.016287699923850596,,0.017048300011083484
computer,CRASH+HACKER=REBOOT,2,10,6,10,True,all,cadical153,1079,3280,1,2,True,True,0.000664199935272336,0.01733340008649975,,0.017997600021772087
computer,CRASH+IMAC=MEMORY,2,10,6,10,True,all,cadical153,998,2984,1,2,True,True,0.0006382999708876014,0.0027163000777363777,,0.003354600048623979
computer,CRASH+REBOOT=HACKER,2,10,6,10,True,all,cadical153,1079,3280,1,2,True,True,0.0008052999619394541,0.018560000113211572,,0.019365300075151026
computer,DOWN+WWW=ERROR,2,6,5,10,True,all,cadical153,772,2125,1,2,True,True,0.0004689999623224139,0.0005020999815315008,,0.0009710999438539147
computer,ERROR+HACKER=MEMORY,2,9,6,10,True,all,cadical153,1060,3163,1,2,True,True,0.0006165000377222896,0.012590799946337938,,0.013207299984060228
computer,ERROR+LINUX=MEMORY,2,10,6,10,True,all,cadical153,1047,3189,1,2,True,True,0.0006197999464347959,0.015648199943825603,,0.0162679998902604
computer,ERROR+MEMORY=HACKER,2,9,6,10,True,all,cadical153,1060,3163,1,2,True,True,0.0006665000692009926,0.00853529991582036,,0.009201799985021353
computer,ERROR+MONITOR=MACHINE,2,10,7,10,True,all,cadical153,1180,3526,1,2,True,True,0.0006892000092193484,0.01515990006737411,,0.01584910007659346
computer,ERROR+REBOOT=HACKER,2,9,6,10,True,all,cadical153,1060,3163,1,2,True,True,0.0006394999800249934,0.0028288000030443072,,0.0034682999830693007
computer,FLOPPY+MEMORY=REBOOT,2,10,6,10,True,all,cadical153,1128,3485,1,2,True,True,0.0006964000640437007,0.009676799993030727,,0.010373200057074428
computer,FOLDER+MODEM=MEMORY,2,8,6,10,True,all,cadical153,1041,3056,1,2,True,True,0.0006350000621750951,0.003975100116804242,,0.004610100178979337
computer,HACK+HACKER=REBOOT,2,9,6,10,True,all,cadical153,1011,2958,1,2,True,True,0.0007599999662488699,0.00315869995392859,,0.00391869992017746
computer,IBOOK+IMAC=HACKER,2,10,6,10,True,all,cadical153,998,2984,1,2,True,True,0.0006675999611616135,0.003228600020520389,,0.0038961999816820025
computer,IMAC+MODEM=ERROR,2,8,5,10,True,all,cadical153,891,2605,1,2,True,True,0.0005244999192655087,0.009222600026987493,,0.009747099946253002
computer,IMAC+WWW=CRASH,2,8,5,10,True,all,cadical153,810,2309,1,2,True,True,0.0004798000445589423,0.0012719999067485332,,0.0017517999513074756
computer,MEMORY+MOUSE=FOLDER,2,10,6,10,True,all,cadical153,1079,3280,1,2,True,True,0.0007028999971225858,0.010763500002212822,,0.011466399999335408
computer,MEMORY+REBOOT=NETWORK,2,10,7,10,True,all,cadical153,1197,3640,1,2,True,True,0.0007368000224232674,0.005309700034558773,,0.00604650005698204
computer,MONITOR+NETWORK=INTERNET,2,9,8,10,True,all,cadical153,1328,3974,1,2,True,True,0.0007612999761477113,0.00937689992133528,,0.010138199897482991
computer,APPLE+BUG+GUI=IBOOK,3,10,5,10,True,all,cadical153,1096,3681,1,2,True,True,0.0007244000444188714,0.0023323000641539693,,0.0030567001085728407
computer,APPLE+CPU+ERROR=FOLDER,3,10,6,10,True,all,cadical153,1271,4293,1,2,True,True,0.0008051999611780047,0.03904630010947585,,0.039851500070653856
computer,APPLE+CRACK+FILE=HACKER,3,10,6,10,True,all,cadical153,1340,4628,1,2,True,True,0.0009434999665245414,0.016865800018422306,,0.017809299984946847
computer,APPLE+CRACK+MAIL=HACKER,3,10,6,10,True,all,cadical153,1340,4628,1,2,True,True,0.0008974999655038118,0.03333610005211085,,0.03423360001761466
computer,APPLE+CRACK+PC=FOLDER,3,10,6,10,True,all,cadical153,1202,3958,1,2,True,True,0.02647070004604757,0.04158419999293983,,0.0680549000389874
computer,APPLE+CRACK+PC=MEMORY,3,10,6,10,True,all,cadical153,1202,3958,1,2,True,True,0.0008472000481560826,0.018647099961526692,,0.019494300009682775
computer,APPLE+CRACKER+SCANNER=NETSCAPE,3,10,8,10,True,all,cadical153,1719,5925,1,2,True,True,0.0012334000784903765,0.008668299997225404,,0.00990170007571578
computer,APPLE+ERROR+FILE=MEMORY,3,10,6,10,True,all,cadical153,1340,4628,1,2,True,True,0.0009222000371664762,0.029662300134077668,,0.030584500171244144
computer,APPLE+ERROR+FOLDER=MEMORY,3,10,6,10,True,all,cadical153,1443,5067,1,2,True,True,0.0009974000276997685,0.07491590001154691,,0.07591330003924668
computer,APPLE+ERROR+MODEM=MEMORY,3,9,6,10,True,all,cadical153,1390,4846,1,2,True,True,0.0009222000371664762,0.019393799942918122,,0.020315999980084598
computer,APPLE+ERROR+MPU=FOLDER,3,10,6,10,True,all,cadical153,1271,4293,1,2,True,True,0.0008722000056877732,0.03823959990404546,,0.039111799909733236
computer,APPLE+ERROR+MPU=MEMORY,3,9,6,10,True,all,cadical153,1252,4176,1,2,True,True,0.0008005000418052077,0.007065900135785341,,0.007866400177590549
computer,APPLE+ERROR+REBOOT=FLOPPY,3,10,6,10,True,all,cadical153,1443,5067,1,2,True,True,0.001041900017298758,0.02931840007659048,,0.030360300093889236
computer,APPLE+FILE+IBOOK=FLOPPY,3,10,6,10,True,all,cadical153,1340,4628,1,2,True,True,0.0008980000857263803,0.015696799964644015,,0.016594800050370395
computer,APPLE+FLOPPY+MAIL=MEMORY,3,10,6,10,True,all,cadical153,1374,4732,1,2,True,True,0.0009201000211760402,0.02647029992658645,,0.02739039994776249
computer,APPLE+FLOPPY+MS=MEMORY,3,10,6,10,True,all,cadical153,1236,4062,1,2,True,True,0.0008158000418916345,0.009966499987058342,,0.010782300028949976
computer,APPLE+FLOPPY+OS=MEMORY,3,10,6,10,True,all,cadical153,1236,4062,1,2,True,True,0.000824499991722405,0.010497000068426132,,0.011321500060148537
computer,APPLE+FLOPPY+PC=MEMORY,3,10,6,10,True,all,cadical153,1236,4062,1,2,True,True,0.000759500078856945,0.011114500113762915,,0.01187400019261986
computer,APPLE+FLOPPY+WWW=MEMORY,3,10,6,10,True,all,cadical153,1305,4397,1,2,True,True,0.0009474999969825149,0.03486050001811236,,0.035808000015094876
computer,APPLE+FOLDER+MO=MEMORY,3,10,6,10,True,all,cadical153,1236,4062,1,2,True,True,0.0008189999498426914,0.049021200044080615,,0.049840199993923306
computer,APPLE+FOLDER+MODEM=FLOPPY,3,10,6,10,True,all,cadical153,1443,5067,1,2,True,True,0.0011448999866843224,0.029011899954639375,,0.030156799941323698
computer,APPLE+IE+WEB=IBOOK,3,9,5,10,True,all,cadical153,1008,3229,1,2,True,True,0.0006621999200433493,0.006651699892245233,,0.007313899812288582
computer,APPLE+IMAC+MAC=MEMORY,3,10,6,10,True,all,cadical153,1219,4071,1,2,True,True,0.0007501000072807074,0.001751400064677,,0.0025015000719577074
computer,APPLE+IMAC+PC=MEMORY,3,10,6,10,True,all,cadical153,1150,3736,1,2,True,True,0.00074819999281317,0.002660500118508935,,0.003408700111322105
computer,APPLE+MAC+MEMORY=FLOPPY,3,10,6,10,True,all,cadical153,1305,4397,1,2,True,True,0.0008046000730246305,0.041690299985930324,,0.042494900058954954
computer,APPLE+MAC+PC=IBOOK,3,10,5,10,True,all,cadical153,1027,3346,1,2,True,True,0.0009809000184759498,0.006872000056318939,,0.007852900074794888
computer,APPLE+MAC+PC=MODEM,3,8,5,10,True,all,cadical153,989,3122,1,2,True,True,0.0006181999342516065,0.0032608001492917538,,0.0038790000835433602
computer,APPLE+MAIL+RAM=FOLDER,3,10,6,10,True,all,cadical153,1219,4071,1,2,True,True,0.0007485999958589673,0.0076630000257864594,,0.008411600021645427
computer,APPLE+MAIL+RAM=REBOOT,3,10,6,10,True,all,cadical153,1219,4071,1,2,True,True,0.024574400042183697,0.004527400014922023,,0.02910180005710572
computer,APPLE+MAIL+ROM=FOLDER,3,10,6,10,True,all,cadical153,1219,4071,1,2,True,True,0.0007954000029712915,0.008760199998505414,,0.009555600001476705
computer,APPLE+MAIL+ROM=MEMORY,3,9,6,10,True,all,cadical153,1200,3954,1,2,True,True,0.0007331999950110912,0.0024396999506279826,,0.003172899945639074
computer,APPLE+MEMORY+RAM=FOLDER,3,10,6,10,True,all,cadical153,1305,4397,1,2,True,True,0.0008192000677809119,0.05560319998767227,,0.05642240005545318
computer,APPLE+MEMORY+WWW=FLOPPY,3,10,6,10,True,all,cadical153,1305,4397,1,2,True,True,0.0008434000192210078,0.0689161999616772,,0.0697595999808982
computer,APPLE+MO+MODEM=REBOOT,3,10,6,10,True,all,cadical153,1202,3958,1,2,True,True,0.0007680000271648169,0.030698099988512695,,0.03146610001567751
computer,APPLE+MO+MPU=MODEM,3,8,5,10,True,all,cadical153,989,3122,1,2,True,True,0.0006257999921217561,0.0024265999672934413,,0.0030523999594151974
computer,APPLE+MO+MS=MODEM,3,8,5,10,True,all,cadical153,935,2887,1,2,True,True,0.0006509000668302178,0.0014688000082969666,,0.0021197000751271844
computer,APPLE+MO+RAM=IBOOK,3,10,5,10,True,all,cadical153,1027,3346,1,2,True,True,0.0006352999480441213,0.006986499880440533,,0.007621799828484654
computer,APPLE+MODEM+MPU=MEMORY,3,10,6,10,True,all,cadical153,1271,4293,1,2,True,True,0.0008310999255627394,0.002968599903397262,,0.0037996998289600015
computer,APPLE+MODEM+OS=MEMORY,3,10,6,10,True,all,cadical153,1202,3958,1,2,True,True,0.0007716999389231205,0.003024199977517128,,0.0037958999164402485
computer,APPLE+MODEM+RAM=MEMORY,3,9,6,10,True,all,cadical153,1252,4176,1,2,True,True,0.000771900056861341,0.0022328001214191318,,0.0030047001782804728
computer,APPLE+MODEM+WWW=FLOPPY,3,10,6,10,True,all,cadical153,1271,4293,1,2,True,True,0.0008559999987483025,0.04956860013771802,,0.050424600136466324
computer,APPLE+PC+WWW=CRASH,3,9,5,10,True,all,cadical153,1008,3229,1,2,True,True,0.0006448000203818083,0.001782699953764677,,0.0024274999741464853
computer,APPLE+PRINTER+REBOOT=INTERNET,3,10,8,10,True,all,cadical153,1667,5703,1,2,True,True,0.0011690000537782907,0.002086399937979877,,0.0032553999917581677
computer,APPLE+WS+WWW=MODEM,3,9,5,10,True,all,cadical153,1008,3229,1,2,True,True,0.0006213999586179852,0.008889000047929585,,0.00951040000654757
computer,BUG+ERROR+ROM=MODEM,3,8,5,10,True,all,cadical153,1058,3457,1,2,True,True,0.0006602999055758119,0.0016066001262515783,,0.00226690003182739
computer,BUG+GUI+IBOOK=ERROR,3,8,5,10,True,all,cadical153,1058,3457,1,2,True,True,0.000712099950760603,0.007873599999584258,,0.00858569995034486
computer,BUS+CRACK+CRASH=HACKER,3,9,6,10,True,all,cadical153,1252,4176,1,2,True,True,0.0007896000752225518,0.002820500056259334,,0.003610100131481886
computer,BUS+CRACK+RAM=MOUSE,3,10,5,10,True,all,cadical153,1096,3681,1,2,True,True,0.0007652000058442354,0.03054350009188056,,0.031308700097724795
computer,BUS+ERROR+MS=MOUSE,3,7,5,10,True,all,cadical153,970,3025,1,2,True,True,0.0006213999586179852,0.0014120998093858361,,0.0020334997680038214
computer,BUS+ERROR+ROM=MODEM,3,8,5,10,True,all,cadical153,1058,3457,1,2,True,True,0.0006523999618366361,0.0015995000721886754,,0.0022519000340253115
computer,BUS+HACK+MAC=MOUSE,3,10,5,10,True,all,cadical153,1064,3590,1,2,True,True,0.000748799997381866,0.010583500028587878,,0.011332300025969744
computer,BUS+IBOOK+MOUSE=MEMORY,3,10,6,10,True,all,cadical153,1271,4293,1,2,True,True,0.0008023000555112958,0.003390299971215427,,0.004192600026726723
computer,BUS+IMAC+WWW=MOUSE,3,10,5,10,True,all,cadical153,1064,3590,1,2,True,True,0.0007519999053329229,0.010245000012218952,,0.010996999917551875
computer,BUS+MAC+MOUSE=ERROR,3,9,5,10,True,all,cadical153,1077,3564,1,2,True,True,0.0007420000620186329,0.01359970006160438,,0.014341700123623013
computer,BUS+MO+MOUSE=ERROR,3,7,5,10,True,all,cadical153,970,3025,1,2,True,True,0.0006163000361993909,0.0012775000650435686,,0.0018938001012429595
computer,BUS+MODEM+MOUSE=FOLDER,3,10,6,10,True,all,cadical153,1271,4293,1,2,True,True,0.0008369999704882503,0.022983299917541444,,0.023820299888029695
computer,BUS+MOUSE+OS=ERROR,3,7,5,10,True,all,cadical153,970,3025,1,2,True,True,0.0006073999684303999,0.0038519998779520392,,0.004459399846382439
computer,BUS+MOUSE+WEB=ERROR,3,8,5,10,True,all,cadical153,1058,3457,1,2,True,True,0.0006454000249505043,0.0051364999962970614,,0.005781900021247566
computer,CPU+CRACK+MS=MOUSE,3,10,5,10,True,all,cadical153,1027,3346,1,2,True,True,0.0006402999861165881,0.01538800005801022,,0.01602830004412681
computer,CPU+ERROR+ROM=MODEM,3,8,5,10,True,all,cadical153,1058,3457,1,2,True,True,0.0006816999521106482,0.0016132000600919127,,0.002294900012202561
computer,CPU+HACK+MAC=IBOOK,3,10,5,10,True,all,cadical153,1064,3590,1,2,True,True,0.0007694000378251076,0.018849999993108213,,0.01961940003093332
computer,CPU+HACK+WWW=IBOOK,3,10,5,10,True,all,cadical153,1064,3590,1,2,True,True,0.025650599971413612,0.018589999875985086,,0.0442405998473987
computer,CPU+IMAC+WWW=CRASH,3,10,5,10,True,all,cadical153,1064,3590,1,2,True,True,0.0006892000092193484,0.009888900094665587,,0.010578100103884935
computer,CPU+MOUSE+MPU=CRASH,3,10,5,10,True,all,cadical153,1096,3681,1,2,True,True,0.0007371000247076154,0.012339700013399124,,0.01307680003810674
computer,CPU+MOUSE+MPU=IBOOK,3,10,5,10,True,all,cadical153,1096,3681,1,2,True,True,0.0006956999422982335,0.005626600002869964,,0.006322299945168197
computer,CRACK+CRACKER+HACK=NETWORK,3,10,7,10,True,all,cadical153,1475,4978,1,2,True,True,0.0010531001025810838,0.002432099892757833,,0.0034851999953389168
computer,CRACK+CRACKER+HACKER=NETWORK,3,10,7,10,True,all,cadical153,1598,5548,1,2,True,True,0.0009923999896273017,0.009666399913839996,,0.010658799903467298
computer,CRACK+CRACKER+REBOOT=NETWORK,3,10,7,10,True,all,cadical153,1598,5548,1,2,True,True,0.0010238999966531992,0.013593800133094192,,0.01461770012974739
computer,CRACK+CRASH+DISK=HACKER,3,9,6,10,True,all,cadical153,1321,4511,1,2,True,True,0.0008210999658331275,0.0074610000010579824,,0.00828209996689111
computer,CRACK+CRASH+HACK=HACKER,3,7,6,10,True,all,cadical153,1283,4307,1,2,True,True,0.0008325999369844794,0.0016808999935165048,,0.002513499930500984
computer,CRACK+CRASH+HACKER=MEMORY,3,10,6,10,True,all,cadical153,1443,5067,1,2,True,True,0.0008986999746412039,0.06495239993091673,,0.06585109990555793
computer,CRACK+CRASH+IBOOK=HACKER,3,10,6,10,True,all,cadical153,1409,4963,1,2,True,True,0.0009363000281155109,0.037873299908824265,,0.038809599936939776
computer,CRACK+CRASH+IMAC=HACKER,3,9,6,10,True,all,cadical153,1321,4511,1,2,True,True,0.0009392000501975417,0.006429199944250286,,0.007368399994447827
computer,CRACK+CRASH+MAC=HACKER,3,8,6,10,True,all,cadical153,1233,4069,1,2,True,True,0.0007739999564364552,0.003771000076085329,,0.004545000032521784
computer,CRACK+CRASH+MEMORY=HACKER,3,10,6,10,True,all,cadical153,1443,5067,1,2,True,True,0.0010313999373465776,0.06914079992566258,,0.07017219986300915
computer,CRACK+CRASH+SCANNER=MACHINE,3,10,7,10,True,all,cadical153,1544,5313,1,2,True,True,0.0009720000671222806,0.0076453001238405704,,0.008617300190962851
computer,CRACK+DISKETTE+SCANNER=INTERNET,3,10,8,10,True,all,cadical153,1753,6029,1,2,True,True,0.001173499971628189,0.14625249989330769,,0.14742599986493587
computer,CRACK+DOWN+ERROR=HACKER,3,10,6,10,True,all,cadical153,1340,4628,1,2,True,True,0.0009432999650016427,0.045195199898444116,,0.04613849986344576
computer,CRACK+ERROR+FILE=IBOOK,3,10,5,10,True,all,cadical153,1271,4473,1,2,True,True,0.0009197000181302428,0.04386790003627539,,0.04478760005440563
computer,CRACK+ERROR+FOLDER=HACKER,3,10,6,10,True,all,cadical153,1443,5067,1,2,True,True,0.0009716000640764832,0.03387659986037761,,0.03484819992445409
computer,CRACK+ERROR+IBOOK=APPLE,3,10,5,10,True,all,cadical153,1340,4808,1,2,True,True,0.0009253999451175332,0.03544429992325604,,0.03636969986837357
computer,CRACK+ERROR+IBOOK=MEMORY,3,10,6,10,True,all,cadical153,1409,4963,1,2,True,True,0.0009116999572142959,0.02630310005042702,,0.027214800007641315
computer,CRACK+ERROR+IBOOK=MODEM,3,10,5,10,True,all,cadical153,1340,4808,1,2,True,True,0.0009062999160960317,0.024749299976974726,,0.025655599893070757
computer,CRACK+ERROR+IE=FOLDER,3,10,6,10,True,all,cadical153,1202,3958,1,2,True,True,0.0011063999263569713,0.010996000026352704,,0.012102399952709675
computer,CRACK+ERROR+MODEM=HACKER,3,9,6,10,True,all,cadical153,1390,4846,1,2,True,True,0.0009022000012919307,0.036612700088880956,,0.03751490009017289
computer,CRACK+ERROR+PC=FLOPPY,3,10,6,10,True,all,cadical153,1202,3958,1,2,True,True,0.001006399979814887,0.015852499986067414,,0.0168588999658823
computer,CRACK+ERROR+PC=FOLDER,3,10,6,10,True,all,cadical153,1202,3958,1,2,True,True,0.029666000045835972,0.008533600135706365,,0.03819960018154234
computer,CRACK+HACK+HACKER=MEMORY,3,9,6,10,True,all,cadical153,1355,4615,1,2,True,True,0.0009429999627172947,0.02162209991365671,,0.022565099876374006
computer,CRACK+HACK+MOUSE=HACKER,3,10,6,10,True,all,cadical153,1340,4628,1,2,True,True,0.0009204000234603882,0.03700689994730055,,0.03792729997076094
computer,CRACK+HACK+PC=MEMORY,3,10,6,10,True,all,cadical153,1150,3736,1,2,True,True,0.0007173999911174178,0.003907800070010126,,0.0046252000611275434
computer,CRACK+HACKER+MAC=MEMORY,3,9,6,10,True,all,cadical153,1286,4280,1,2,True,True,0.0008951999479904771,0.017180199967697263,,0.01807539991568774
computer,CRACK+HACKER+MS=MEMORY,3,10,6,10,True,all,cadical153,1236,4062,1,2,True,True,0.0007585999555885792,0.022537100012414157,,0.023295699968002737
computer,CRACK+HACKER+OS=MEMORY,3,10,6,10,True,all,cadical153,1236,4062,1,2,True,True,0.0007603999692946672,0.03043179993983358,,0.03119219990912825
computer,CRACK+HACKER+PC=MEMORY,3,10,6,10,True,all,cadical153,1236,4062,1,2,True,True,0.0007952000014483929,0.03725910000503063,,0.038054300006479025
computer,CRACK+HACKER+RAM=REBOOT,3,10,6,10,True,all,cadical153,1305,4397,1,2,True,True,0.0008299999171867967,0.03154240001458675,,0.03237239993177354
computer,CRACK+HACKER+ROM=REBOOT,3,10,6,10,True,all,cadical153,1305,4397,1,2,True,True,0.0008593000238761306,0.03745370008982718,,0.03831300011370331
computer,CRACK+HACKER+WEB=REBOOT,3,10,6,10,True,all,cadical153,1305,4397,1,2,True,True,0.000813600025139749,0.03263799997512251,,0.03345160000026226
computer,CRACK+HACKER+WWW=REBOOT,3,10,6,10,True,all,cadical153,1305,4397,1,2,True,True,0.0008996999822556973,0.06310640007723123,,0.06400610005948693
computer,CRACK+IBOOK+IE=HACKER,3,9,6,10,True,all,cadical153,1183,3841,1,2,True,True,0.0007696000393480062,0.03807200014125556,,0.038841600180603564
computer,CRACK+IBOOK+IMAC=HACKER,3,10,6,10,True,all,cadical153,1340,4628,1,2,True,True,0.0009481000015512109,0.026156999985687435,,0.027105099987238646
computer,CRACK+IBOOK+IMAC=MEMORY,3,10,6,10,True,all,cadical153,1340,4628,1,2,True,True,0.0008577000116929412,0.028586699976585805,,0.029444399988278747
computer,CRACK+IBOOK+PC=HACKER,3,10,6,10,True,all,cadical153,1202,3958,1,2,True,True,0.0008259000023826957,0.017843899899162352,,0.018669799901545048
computer,CRACK+IBOOK+ROM=MEMORY,3,10,6,10,True,all,cadical153,1271,4293,1,2,True,True,0.000804099952802062,0.01955979992635548,,0.020363899879157543
computer,CRACK+IE+MODEM=HACKER,3,10,6,10,True,all,cadical153,1202,3958,1,2,True,True,0.0008141999132931232,0.04738200001884252,,0.04819619993213564
computer,CRACK+IE+WWW=MODEM,3,10,5,10,True,all,cadical153,1027,3346,1,2,True,True,0.0006487000500783324,0.011882900027558208,,0.01253160007763654
computer,CRACK+IMAC+MAC=MEMORY,3,9,6,10,True,all,cadical153,1200,3954,1,2,True,True,0.0007278999546542764,0.0010868000099435449,,0.0018146999645978212
computer,CRACK+IMAC+MEMORY=HACKER,3,10,6,10,True,all,cadical153,1374,4732,1,2,True,True,0.0008852999890223145,0.059817800065502524,,0.06070310005452484
computer,CRACK+IMAC+MO=MEMORY,3,9,6,10,True,all,cadical153,1131,3619,1,2,True,True,0.0007149999728426337,0.0015246000839397311,,0.002239600056782365
computer,CRACK+IMAC+MODEM=MEMORY,3,10,6,10,True,all,cadical153,1340,4628,1,2,True,True,0.000901399995200336,0.009331299923360348,,0.010232699918560684
computer,CRACK+IMAC+PC=MEMORY,3,10,6,10,True,all,cadical153,1150,3736,1,2,True,True,0.0007091000443324447,0.0034305000444874167,,0.004139600088819861
computer,CRACK+MAC+MODEM=REBOOT,3,10,6,10,True,all,cadical153,1271,4293,1,2,True,True,0.027168600005097687,0.03994669998064637,,0.06711529998574406
computer,CRACK+MEMORY+MODEM=HACKER,3,10,6,10,True,all,cadical153,1443,5067,1,2,True,True,0.0011995000531896949,0.10379880003165454,,0.10499830008484423
computer,CRACK+MEMORY+WWW=HACKER,3,10,6,10,True,all,cadical153,1305,4397,1,2,True,True,0.0009290999732911587,0.04585689993109554,,0.0467859999043867
computer,CRACK+MO+MOUSE=HACKER,3,10,6,10,True,all,cadical153,1202,3958,1,2,True,True,0.000763899995945394,0.04714899999089539,,0.047912899986840785
computer,CRACK+MO+WWW=MOUSE,3,10,5,10,True,all,cadical153,1027,3346,1,2,True,True,0.0007407000521197915,0.009050799999386072,,0.009791500051505864
computer,CRACK+MODEM+MS=HACKER,3,10,6,10,True,all,cadical153,1202,3958,1,2,True,True,0.0007687999168410897,0.01556999993044883,,0.01633879984728992
computer,CRACK+MODEM+PC=HACKER,3,10,6,10,True,all,cadical153,1202,3958,1,2,True,True,0.0007468999829143286,0.029208200052380562,,0.02995510003529489
computer,CRACK+MODEM+RAM=MEMORY,3,9,6,10,True,all,cadical153,1252,4176,1,2,True,True,0.0008317000465467572,0.0017899998929351568,,0.002621699939481914
computer,CRACK+MODEM+WWW=HACKER,3,10,6,10,True,all,cadical153,1271,4293,1,2,True,True,0.000797900022007525,0.056400800007395446,,0.05719870002940297
computer,CRACK+MOUSE+MS=HACKER,3,10,6,10,True,all,cadical153,1202,3958,1,2,True,True,0.0008302000351250172,0.06584709999151528,,0.0666773000266403
computer,CRACK+MOUSE+ROM=HACKER,3,10,6,10,True,all,cadical153,1271,4293,1,2,True,True,0.0008393999887630343,0.05333810008596629,,0.05417750007472932
computer,CRACK+MS+WWW=MOUSE,3,10,5,10,True,all,cadical153,1027,3346,1,2,True,True,0.0011295999865978956,0.019285499933175743,,0.020415099919773638
computer,CRACK+REBOOT+WWW=HACKER,3,10,6,10,True,all,cadical153,1305,4397,1,2,True,True,0.0019759000279009342,0.13094509998336434,,0.13292100001126528
computer,CRACKER+HACK+HACKER=PRINTER,3,10,7,10,True,all,cadical153,1529,5213,1,2,True,True,0.0010312999365851283,0.007052300148643553,,0.008083600085228682
computer,CRACKER+HACKER+IE=PRINTER,3,10,7,10,True,all,cadical153,1391,4543,1,2,True,True,0.0009324999991804361,0.008444900042377412,,0.009377400041557848
computer,CRACKER+HACKER+IMAC=SCANNER,3,10,7,10,True,all,cadical153,1529,5213,1,2,True,True,0.001325499964877963,0.005056199966929853,,0.006381699931807816
computer,CRACKER+HACKER+MAC=MACHINE,3,9,7,10,True,all,cadical153,1441,4761,1,2,True,True,0.0009001999860629439,0.0023481000680476427,,0.0032483000541105866
computer,CRACKER+HACKER+WWW=NETWORK,3,10,7,10,True,all,cadical153,1460,4878,1,2,True,True,0.0009957000147551298,0.009836300043389201,,0.010832000058144331
computer,CRACKER+INTERNET+NT=NETSCAPE,3,10,8,10,True,all,cadical153,1546,5024,1,2,True,True,0.0009839999256655574,0.01263210002798587,,0.013616099953651428
computer,CRACKER+NETWORK+WS=SCANNER,3,10,7,10,True,all,cadical153,1443,4765,1,2,True,True,0.000979800010100007,0.022132699959911406,,0.023112499970011413
computer,CRACKER+NT+REBOOT=SCANNER,3,10,7,10,True,all,cadical153,1391,4543,1,2,True,True,0.0008659999584779143,0.0143640999449417,,0.015230099903419614
computer,CRACKER+NT+SCANNER=NETWORK,3,10,7,10,True,all,cadical153,1443,4765,1,2,True,True,0.0009543999331071973,0.021033499971963465,,0.021987899905070662
computer,CRACKER+SCANNER+WS=NETWORK,3,10,7,10,True,all,cadical153,1443,4765,1,2,True,True,0.0008866999996826053,0.02033400011714548,,0.021220700116828084
computer,CRACKER+SCANNER+WWW=NETWORK,3,10,7,10,True,all,cadical153,1512,5100,1,2,True,True,0.029314200044609606,0.023275499930605292,,0.0525896999752149
computer,CRASH+ERROR+MEMORY=HACKER,3,10,6,10,True,all,cadical153,1443,5067,1,2,True,True,0.0009322999976575375,0.03427409997675568,,0.035206399974413216
computer,CRASH+ERROR+OS=FOLDER,3,10,6,10,True,all,cadical153,1202,3958,1,2,True,True,0.0008262000046670437,0.011402099975384772,,0.012228299980051816
computer,CRASH+ERROR+REBOOT=HACKER,3,10,6,10,True,all,cadical153,1443,5067,1,2,True,True,0.0009342000121250749,0.045561900129541755,,0.04649610014166683
computer,CRASH+ERROR+ROM=HACKER,3,9,6,10,True,all,cadical153,1252,4176,1,2,True,True,0.0008725000079721212,0.006061500054784119,,0.00693400006275624
computer,CRASH+HACK+MODEM=HACKER,3,10,6,10,True,all,cadical153,1340,4628,1,2,True,True,0.0008379999781027436,0.02358999999705702,,0.024427999975159764
computer,CRASH+HACKER+MO=MEMORY,3,10,6,10,True,all,cadical153,1236,4062,1,2,True,True,0.0009351999033242464,0.04671240004245192,,0.047647599945776165
computer,CRASH+HACKER+MS=MEMORY,3,10,6,10,True,all,cadical153,1236,4062,1,2,True,True,0.0007820000173524022,0.032901300117373466,,0.03368330013472587
computer,CRASH+HACKER+ROM=MEMORY,3,10,6,10,True,all,cadical153,1305,4397,1,2,True,True,0.0008313000435009599,0.030150100123137236,,0.030981400166638196
computer,CRASH+IMAC+MS=MEMORY,3,10,6,10,True,all,cadical153,1150,3736,1,2,True,True,0.0007205000147223473,0.003919099923223257,,0.004639599937945604
computer,CRASH+MAC+MEMORY=HACKER,3,10,6,10,True,all,cadical153,1305,4397,1,2,True,True,0.0008905000286176801,0.015478499932214618,,0.016368999960832298
computer,CRASH+MAC+MODEM=MEMORY,3,10,6,10,True,all,cadical153,1271,4293,1,2,True,True,0.0008190000662580132,0.0050749999936670065,,0.00589400005992502
computer,CRASH+MAC+MS=APPLE,3,9,5,10,True,all,cadical153,1008,3229,1,2,True,True,0.0006218000780791044,0.006667100009508431,,0.007288900087587535
computer,CRASH+MEMORY+MO=HACKER,3,10,6,10,True,all,cadical153,1236,4062,1,2,True,True,0.0008246999932453036,0.0343566999072209,,0.035181399900466204
computer,CRASH+MEMORY+ROM=HACKER,3,10,6,10,True,all,cadical153,1305,4397,1,2,True,True,0.0008912000339478254,0.02647609997075051,,0.027367300004698336
computer,CRASH+MO+MODEM=HACKER,3,10,6,10,True,all,cadical153,1202,3958,1,2,True,True,0.0008727000094950199,0.016156000085175037,,0.017028700094670057
computer,CRASH+MO+MOUSE=HACKER,3,10,6,10,True,all,cadical153,1202,3958,1,2,True,True,0.0007476999890059233,0.023074100026860833,,0.023821800015866756
computer,CRASH+MODEM+ROM=HACKER,3,10,6,10,True,all,cadical153,1271,4293,1,2,True,True,0.0008229999803006649,0.01009120000526309,,0.010914199985563755
computer,CRASH+MOUSE+MS=HACKER,3,10,6,10,True,all,cadical153,1202,3958,1,2,True,True,0.0007437999593093991,0.019642299972474575,,0.020386099931783974
computer,CRASH+MOUSE+ROM=HACKER,3,10,6,10,True,all,cadical153,1271,4293,1,2,True,True,0.0007891999557614326,0.019361099926754832,,0.020150299882516265
computer,CRASH+MPU+PC=MOUSE,3,10,5,10,True,all,cadical153,1027,3346,1,2,True,True,0.0006558999884873629,0.01032530004158616,,0.010981200030073524
computer,CRASH+NT+SCANNER=PRINTER,3,10,7,10,True,all,cadical153,1337,4308,1,2,True,True,0.0007965000113472342,0.013898399891331792,,0.014694899902679026
computer,CRASH+RAM+WS=MODEM,3,10,5,10,True,all,cadical153,1027,3346,1,2,True,True,0.0007872000569477677,0.010631099925376475,,0.011418299982324243
computer,DISK+ERROR+IBOOK=FOLDER,3,10,6,10,True,all,cadical153,1340,4628,1,2,True,True,0.0008744999067857862,0.03788319998420775,,0.038757699890993536
computer,DISK+ERROR+MODEM=FOLDER,3,10,6,10,True,all,cadical153,1340,4628,1,2,True,True,0.001393200014717877,0.04698199999984354,,0.048375200014561415
computer,DISK+IBOOK+MODEM=ERROR,3,9,5,10,True,all,cadical153,1252,4356,1,2,True,True,0.0008098999969661236,0.07059150002896786,,0.07140140002593398
computer,DISK+IE+MS=ERROR,3,8,5,10,True,all,cadical153,903,2796,1,2,True,True,0.0005775000900030136,0.0010692998766899109,,0.0016467999666929245
computer,DISK+IE+WS=ERROR,3,8,5,10,True,all,cadical153,903,2796,1,2,True,True,0.0005822000093758106,0.0010578000219538808,,0.0016400000313296914
computer,DISK+MODEM+ROM=REBOOT,3,10,6,10,True,all,cadical153,1219,4071,1,2,True,True,0.0007879999466240406,0.004183300072327256,,0.004971300018951297
computer,DOWN+ERROR+WWW=HACKER,3,10,6,10,True,all,cadical153,1219,4071,1,2,True,True,0.0007741999579593539,0.00530440011061728,,0.006078600068576634
computer,DOWN+FOLDER+MODEM=MEMORY,3,10,6,10,True,all,cadical153,1374,4732,1,2,True,True,0.0009133000858128071,0.015062199905514717,,0.015975499991327524
computer,DOWN+IE+WWW=ERROR,3,7,5,10,True,all,cadical153,938,2934,1,2,True,True,0.0005796999903395772,0.0014383000088855624,,0.0020179999992251396
computer,DOWN+MO+ROM=LINUX,3,10,5,10,True,all,cadical153,995,3255,1,2,True,True,0.000673700007610023,0.015934899915009737,,0.01660859992261976
computer,DOWN+MODEM+WWW=REBOOT,3,9,6,10,True,all,cadical153,1200,3954,1,2,True,True,0.022696400061249733,0.003519900143146515,,0.026216300204396248
computer,DOWN+MS+WWW=CRASH,3,10,5,10,True,all,cadical153,995,3255,1,2,True,True,0.0006489000516012311,0.010608799988403916,,0.011257700040005147
computer,DOWN+OS+WS=APPLE,3,9,5,10,True,all,cadical153,922,2903,1,2,True,True,0.00064180011395365,0.0034051999682560563,,0.004047000082209706
computer,DOWN+PC+WWW=CRACK,3,9,5,10,True,all,cadical153,976,3138,1,2,True,True,0.0005937999812886119,0.004736700095236301,,0.005330500076524913
computer,ERROR+FILE+IBOOK=FLOPPY,3,10,6,10,True,all,cadical153,1340,4628,1,2,True,True,0.0008397001074627042,0.05210159986745566,,0.052941299974918365
computer,ERROR+FILE+MAIL=FLOPPY,3,10,6,10,True,all,cadical153,1288,4406,1,2,True,True,0.0008525000885128975,0.008108399924822152,,0.00896090001333505
computer,ERROR+FILE+MEMORY=REBOOT,3,10,6,10,True,all,cadical153,1374,4732,1,2,True,True,0.0008466000435873866,0.013972299988381565,,0.014818900031968951
computer,ERROR+FILE+REBOOT=FLOPPY,3,10,6,10,True,all,cadical153,1374,4732,1,2,True,True,0.0008802999509498477,0.043336300062946975,,0.04421660001389682
computer,ERROR+FILE+REBOOT=FOLDER,3,9,6,10,True,all,cadical153,1355,4615,1,2,True,True,0.0008727000094950199,0.01083649997599423,,0.01170919998548925
computer,ERROR+FLOPPY+WEB=MEMORY,3,10,6,10,True,all,cadical153,1305,4397,1,2,True,True,0.0008648999501019716,0.03084090002812445,,0.03170579997822642
computer,ERROR+FOLDER+MS=MEMORY,3,9,6,10,True,all,cadical153,1217,3945,1,2,True,True,0.0007813000120222569,0.011395899928174913,,0.01217719994019717
computer,ERROR+FOLDER+ROM=MEMORY,3,8,6,10,True,all,cadical153,1267,4173,1,2,True,True,0.0008593000238761306,0.006195800029672682,,0.007055100053548813
computer,ERROR+FOLDER+WWW=MEMORY,3,9,6,10,True,all,cadical153,1286,4280,1,2,True,True,0.0008187999483197927,0.021314900019206107,,0.0221336999675259
computer,ERROR+FOLDER+WWW=REBOOT,3,9,6,10,True,all,cadical153,1286,4280,1,2,True,True,0.0008769999258220196,0.008419300080277026,,0.009296300006099045
computer,ERROR+GUI+ROM=LINUX,3,10,5,10,True,all,cadical153,1096,3681,1,2,True,True,0.0007234999211505055,0.008409300004132092,,0.009132799925282598
computer,ERROR+GUI+ROM=MODEM,3,8,5,10,True,all,cadical153,1058,3457,1,2,True,True,0.0006643999367952347,0.0020259999437257648,,0.0026903998805209994
computer,ERROR+HACK+HACKER=MEMORY,3,9,6,10,True,all,cadical153,1355,4615,1,2,True,True,0.0008744999067857862,0.09671070007607341,,0.0975851999828592
computer,ERROR+HACK+HACKER=REBOOT,3,9,6,10,True,all,cadical153,1355,4615,1,2,True,True,0.0008855999913066626,0.03275399992708117,,0.03363959991838783
computer,ERROR+HACK+MEMORY=HACKER,3,9,6,10,True,all,cadical153,1355,4615,1,2,True,True,0.0008725000079721212,0.03335360006894916,,0.034226100076921284
computer,ERROR+HACK+MOUSE=HACKER,3,10,6,10,True,all,cadical153,1340,4628,1,2,True,True,0.0009459999855607748,0.03920340014155954,,0.040149400127120316
computer,ERROR+HACKER+MAC=MEMORY,3,9,6,10,True,all,cadical153,1286,4280,1,2,True,True,0.0008583000162616372,0.018296800088137388,,0.019155100104399025
computer,ERROR+HACKER+MO=MEMORY,3,9,6,10,True,all,cadical153,1217,3945,1,2,True,True,0.0007485999958589673,0.03164299996569753,,0.032391599961556494
computer,ERROR+HACKER+MS=MEMORY,3,10,6,10,True,all,cadical153,1236,4062,1,2,True,True,0.0008246999932453036,0.040994899929501116,,0.04181959992274642
computer,ERROR+HACKER+OS=MEMORY,3,10,6,10,True,all,cadical153,1236,4062,1,2,True,True,0.000802299939095974,0.025047000031918287,,0.02584929997101426
computer,ERROR+HACKER+RAM=MEMORY,3,9,6,10,True,all,cadical153,1286,4280,1,2,True,True,0.0010105000110343099,0.011748100048862398,,0.012758600059896708
computer,ERROR+HACKER+RAM=REBOOT,3,10,6,10,True,all,cadical153,1305,4397,1,2,True,True,0.000862700049765408,0.022282899939455092,,0.0231455999892205
computer,ERROR+HACKER+WEB=REBOOT,3,10,6,10,True,all,cadical153,1305,4397,1,2,True,True,0.0008996999822556973,0.009414299973286688,,0.010313999955542386
computer,ERROR+HACKER+WWW=MEMORY,3,10,6,10,True,all,cadical153,1305,4397,1,2,True,True,0.000830099917948246,0.03681620000861585,,0.0376462999265641
computer,ERROR+IBOOK+IE=FOLDER,3,9,6,10,True,all,cadical153,1183,3841,1,2,True,True,0.0008330000564455986,0.018985799979418516,,0.019818800035864115
computer,ERROR+IBOOK+IMAC=HACKER,3,10,6,10,True,all,cadical153,1340,4628,1,2,True,True,0.0008702999912202358,0.05483759997878224,,0.05570789997000247
computer,ERROR+IBOOK+MAC=HACKER,3,10,6,10,True,all,cadical153,1271,4293,1,2,True,True,0.0009299999801442027,0.05488039995543659,,0.05581039993558079
computer,ERROR+IBOOK+MODEM=CRACK,3,10,5,10,True,all,cadical153,1340,4808,1,2,True,True,0.0008840999798849225,0.018872300046496093,,0.019756400026381016
computer,ERROR+IBOOK+OS=HACKER,3,10,6,10,True,all,cadical153,1202,3958,1,2,True,True,0.0008541999850422144,0.0239944999339059,,0.024848699918948114
computer,ERROR+IBOOK+REBOOT=HACKER,3,10,6,10,True,all,cadical153,1443,5067,1,2,True,True,0.02572959999088198,0.021975900046527386,,0.047705500037409365
computer,ERROR+IBOOK+ROM=HACKER,3,10,6,10,True,all,cadical153,1271,4293,1,2,True,True,0.0012685999972745776,0.03347060002852231,,0.03473920002579689
computer,ERROR+IE+MACHINE=MONITOR,3,10,7,10,True,all,cadical153,1337,4308,1,2,True,True,0.0008458000374957919,0.0278987999772653,,0.02874460001476109
computer,ERROR+IMAC+MS=HACKER,3,10,6,10,True,all,cadical153,1150,3736,1,2,True,True,0.0007068000268191099,0.004913800046779215,,0.005620600073598325
computer,ERROR+IMAC+OS=HACKER,3,10,6,10,True,all,cadical153,1150,3736,1,2,True,True,0.0008191000670194626,0.004473799956031144,,0.005292900023050606
computer,ERROR+IMAC+RAM=FOLDER,3,10,6,10,True,all,cadical153,1219,4071,1,2,True,True,0.0007375000277534127,0.004519099951721728,,0.005256599979475141
computer,ERROR+IMAC+WWW=HACKER,3,10,6,10,True,all,cadical153,1219,4071,1,2,True,True,0.0008795999456197023,0.004139300086535513,,0.005018900032155216
computer,ERROR+MAC+MODEM=HACKER,3,9,6,10,True,all,cadical153,1252,4176,1,2,True,True,0.0007736000698059797,0.012538400012999773,,0.013312000082805753
computer,ERROR+MAC+MOUSE=HACKER,3,10,6,10,True,all,cadical153,1271,4293,1,2,True,True,0.0008744999067857862,0.024303600075654685,,0.02517809998244047
computer,ERROR+MAC+REBOOT=HACKER,3,10,6,10,True,all,cadical153,1305,4397,1,2,True,True,0.000838099978864193,0.014890900114551187,,0.01572900009341538
computer,ERROR+MACHINE+MO=MONITOR,3,10,7,10,True,all,cadical153,1337,4308,1,2,True,True,0.0009169999975711107,0.03402459993958473,,0.03494159993715584
computer,ERROR+MACHINE+RAM=MONITOR,3,10,7,10,True,all,cadical153,1406,4643,1,2,True,True,0.0008735000155866146,0.04977449995931238,,0.050647999974898994
computer,ERROR+MAIL+MEMORY=FOLDER,3,10,6,10,True,all,cadical153,1374,4732,1,2,True,True,0.0009721000678837299,0.02291279996279627,,0.02388490003068
computer,ERROR+MAIL+ROM=HACKER,3,10,6,10,True,all,cadical153,1219,4071,1,2,True,True,0.0007806000066921115,0.002691200003027916,,0.0034718000097200274
computer,ERROR+MAIL+WWW=FOLDER,3,10,6,10,True,all,cadical153,1219,4071,1,2,True,True,0.0007526000263169408,0.003635499975644052,,0.004388100001960993
computer,ERROR+MEMORY+MODEM=WINDOWS,3,10,7,10,True,all,cadical153,1512,5222,1,2,True,True,0.0009582999628037214,0.012035900144837797,,0.012994200107641518
computer,ERROR+MEMORY+MONITOR=NETWORK,3,10,7,10,True,all,cadical153,1598,5548,1,2,True,True,0.001127899973653257,0.011045900057069957,,0.012173800030723214
computer,ERROR+MEMORY+MOUSE=FLOPPY,3,10,6,10,True,all,cadical153,1443,5067,1,2,True,True,0.0009382000425830483,0.03246670006774366,,0.03340490011032671
computer,ERROR+MEMORY+MOUSE=REBOOT,3,9,6,10,True,all,cadical153,1424,4950,1,2,True,True,0.0010220999829471111,0.02290440001524985,,0.02392649999819696
computer,ERROR+MEMORY+RAM=FOLDER,3,9,6,10,True,all,cadical153,1286,4280,1,2,True,True,0.0008756000315770507,0.007835499942302704,,0.008711099973879755
computer,ERROR+MEMORY+ROM=FOLDER,3,8,6,10,True,all,cadical153,1267,4173,1,2,True,True,0.0008215000852942467,0.008887900039553642,,0.009709400124847889
computer,ERROR+MO+MODEM=APPLE,3,8,5,10,True,all,cadical153,1095,3579,1,2,True,True,0.0006844999734312296,0.027560400078073144,,0.028244900051504374
computer,ERROR+MODEM+PC=HACKER,3,10,6,10,True,all,cadical153,1202,3958,1,2,True,True,0.0011741999769583344,0.01844599994365126,,0.019620199920609593
computer,ERROR+MODEM+RAM=HACKER,3,9,6,10,True,all,cadical153,1252,4176,1,2,True,True,0.03243979997932911,0.005327700055204332,,0.03776750003453344
computer,ERROR+MODEM+ROM=FLOPPY,3,9,6,10,True,all,cadical153,1252,4176,1,2,True,True,0.0009244999382644892,0.022875100141391158,,0.023799600079655647
computer,ERROR+MONITOR+RAM=MACHINE,3,10,7,10,True,all,cadical153,1406,4643,1,2,True,True,0.001752600073814392,0.03224819991737604,,0.034000799991190434
computer,ERROR+MOUSE+MS=CRASH,3,9,5,10,True,all,cadical153,1114,3686,1,2,True,True,0.0007197000086307526,0.024829599889926612,,0.025549299898557365
computer,ERROR+MOUSE+RAM=HACKER,3,10,6,10,True,all,cadical153,1271,4293,1,2,True,True,0.0008947999449446797,0.013559399987570941,,0.014454199932515621
computer,ERROR+MOUSE+REBOOT=MEMORY,3,9,6,10,True,all,cadical153,1424,4950,1,2,True,True,0.0009272999595850706,0.02154260012321174,,0.022469900082796812
computer,ERROR+MOUSE+ROM=HACKER,3,10,6,10,True,all,cadical153,1271,4293,1,2,True,True,0.0008726000087335706,0.014367999974638224,,0.015240599983371794
computer,ERROR+MS+WWW=MOUSE,3,7,5,10,True,all,cadical153,970,3025,1,2,True,True,0.0006091000977903605,0.005234400043264031,,0.005843500141054392
computer,ERROR+NT+REBOOT=FLOPPY,3,10,6,10,True,all,cadical153,1236,4062,1,2,True,True,0.0008563000010326505,0.02219010004773736,,0.02304640004877001
computer,ERROR+NT+WWW=LINUX,3,10,5,10,True,all,cadical153,1027,3346,1,2,True,True,0.0006440998986363411,0.0077287000603973866,,0.008372799959033728
computer,ERROR+NT+WWW=MOUSE,3,9,5,10,True,all,cadical153,1008,3229,1,2,True,True,0.000618400052189827,0.004985300009138882,,0.005603700061328709
computer,ERROR+OS+WWW=LINUX,3,10,5,10,True,all,cadical153,1027,3346,1,2,True,True,0.0006809999467805028,0.017501399968750775,,0.018182399915531278
computer,ERROR+PC+WWW=MOUSE,3,9,5,10,True,all,cadical153,1008,3229,1,2,True,True,0.0006095999851822853,0.005281400051899254,,0.00589100003708154
computer,ERROR+REBOOT+WWW=HACKER,3,10,6,10,True,all,cadical153,1305,4397,1,2,True,True,0.0008162999292835593,0.015188399935141206,,0.016004699864424765
computer,ERROR+WS+WWW=MODEM,3,7,5,10,True,all,cadical153,970,3025,1,2,True,True,0.0006315999198704958,0.0023523999843746424,,0.002983999904245138
computer,ERROR+WS+WWW=MOUSE,3,7,5,10,True,all,cadical153,970,3025,1,2,True,True,0.0005964000010862947,0.008580300025641918,,0.009176700026728213
computer,FILE+FOLDER+MODEM=MEMORY,3,9,6,10,True,all,cadical153,1355,4615,1,2,True,True,0.0010032999562099576,0.010783500038087368,,0.011786799994297326
computer,FILE+IE+MODEM=ERROR,3,8,5,10,True,all,cadical153,1043,3357,1,2,True,True,0.0006365000735968351,0.005562000093050301,,0.006198500166647136
computer,FILE+IE+WEB=CRACK,3,10,5,10,True,all,cadical153,995,3255,1,2,True,True,0.0006137000164017081,0.006216900073923171,,0.006830600090324879
computer,FILE+MAIL+MEMORY=FLOPPY,3,10,6,10,True,all,cadical153,1320,4497,1,2,True,True,0.000956099946051836,0.004334899946115911,,0.005290999892167747
computer,FILE+MAIL+MEMORY=FOLDER,3,10,6,10,True,all,cadical153,1320,4497,1,2,True,True,0.0008062999695539474,0.007116299937479198,,0.007922599907033145
computer,FILE+MAIL+MPU=MODEM,3,10,5,10,True,all,cadical153,1116,3812,1,2,True,True,0.000770700047723949,0.010244200006127357,,0.011014900053851306
computer,FILE+MEMORY+MS=FLOPPY,3,10,6,10,True,all,cadical153,1182,3827,1,2,True,True,0.0007096000481396914,0.0032377000898122787,,0.00394730013795197
computer,FILE+MEMORY+OS=FLOPPY,3,10,6,10,True,all,cadical153,1182,3827,1,2,True,True,0.0007212000200524926,0.004626799956895411,,0.005347999976947904
computer,FILE+MEMORY+ROM=FOLDER,3,9,6,10,True,all,cadical153,1232,4045,1,2,True,True,0.0007624999852851033,0.001768499962054193,,0.0025309999473392963
computer,FILE+MO+WWW=MODEM,3,8,5,10,True,all,cadical153,957,3031,1,2,True,True,0.0005904999561607838,0.0018585000652819872,,0.002449000021442771
computer,FILE+WS+WWW=CRASH,3,10,5,10,True,all,cadical153,995,3255,1,2,True,True,0.0006751000182703137,0.007444100105203688,,0.008119200123474002
computer,FLOPPY+FOLDER+IE=MEMORY,3,10,6,10,True,all,cadical153,1288,4284,1,2,True,True,0.0008073999779298902,0.014899000059813261,,0.01570640003774315
computer,FLOPPY+FOLDER+OS=MEMORY,3,10,6,10,True,all,cadical153,1288,4284,1,2,True,True,0.0008957999525591731,0.012819199939258397,,0.01371499989181757
computer,FLOPPY+FOLDER+RAM=MEMORY,3,10,6,10,True,all,cadical153,1357,4619,1,2,True,True,0.02575010003056377,0.01770339987706393,,0.0434534999076277
computer,FLOPPY+FOLDER+WWW=MEMORY,3,10,6,10,True,all,cadical153,1357,4619,1,2,True,True,0.0008567000040784478,0.027838099864311516,,0.028694799868389964
computer,FLOPPY+IE+MODEM=MEMORY,3,10,6,10,True,all,cadical153,1236,4062,1,2,True,True,0.000777199980802834,0.00903770001605153,,0.009814899996854365
computer,FLOPPY+MODEM+MS=MEMORY,3,10,6,10,True,all,cadical153,1236,4062,1,2,True,True,0.0007455999730154872,0.019015199970453978,,0.019760799943469465
computer,FLOPPY+MODEM+OS=MEMORY,3,10,6,10,True,all,cadical153,1236,4062,1,2,True,True,0.0007913000881671906,0.013686099904589355,,0.014477399992756546
computer,FLOPPY+MODEM+PC=MEMORY,3,10,6,10,True,all,cadical153,1236,4062,1,2,True,True,0.0007594000780954957,0.012324999901466072,,0.013084399979561567
computer,FLOPPY+MODEM+RAM=MEMORY,3,10,6,10,True,all,cadical153,1305,4397,1,2,True,True,0.0009429000783711672,0.006026900024153292,,0.006969800102524459
computer,FLOPPY+MOUSE+MPU=MEMORY,3,10,6,10,True,all,cadical153,1305,4397,1,2,True,True,0.0008574998937547207,0.01721640001051128,,0.018073899904266
computer,FLOPPY+MOUSE+OS=MEMORY,3,10,6,10,True,all,cadical153,1236,4062,1,2,True,True,0.0008918000385165215,0.026654600049369037,,0.02754640008788556
computer,FOLDER+MEMORY+ROM=REBOOT,3,10,6,10,True,all,cadical153,1357,4619,1,2,True,True,0.000923900050111115,0.011946800048463047,,0.012870700098574162
computer,FOLDER+MODEM+RAM=MEMORY,3,9,6,10,True,all,cadical153,1286,4280,1,2,True,True,0.0010377001017332077,0.0110082000028342,,0.012045900104567409
computer,GUI+IMAC+MPU=CRACK,3,9,5,10,True,all,cadical153,1045,3473,1,2,True,True,0.0006549999816343188,0.0011987000470981002,,0.001853700028732419
computer,GUI+IMAC+MPU=CRASH,3,10,5,10,True,all,cadical153,1064,3590,1,2,True,True,0.0006600999040529132,0.005236999946646392,,0.0058970998506993055
computer,GUI+MAIL+WWW=APPLE,3,9,5,10,True,all,cadical153,1045,3473,1,2,True,True,0.0006849999772384763,0.01008369994815439,,0.010768699925392866
computer,HACK+HACKER+MACHINE=SCANNER,3,10,7,10,True,all,cadical153,1529,5213,1,2,True,True,0.0009508999064564705,0.0307753998786211,,0.03172629978507757
computer,HACK+IBOOK+WWW=CRASH,3,10,5,10,True,all,cadical153,1150,3916,1,2,True,True,0.00080439995508641,0.09005370002705604,,0.09085809998214245
computer,HACK+IMAC+MAC=CRASH,3,8,5,10,True,all,cadical153,1078,3588,1,2,True,True,0.0007155999774113297,0.003619199967943132,,0.004334799945354462
computer,HACK+IMAC+NT=IBOOK,3,10,5,10,True,all,cadical153,1047,3477,1,2,True,True,0.0006561999907717109,0.015071799978613853,,0.015727999969385564
computer,HACK+IMAC+WS=IBOOK,3,10,5,10,True,all,cadical153,1047,3477,1,2,True,True,0.000686399987898767,0.014867199934087694,,0.01555359992198646
computer,HACK+MAC+MPU=IBOOK,3,10,5,10,True,all,cadical153,1064,3590,1,2,True,True,0.0007066000252962112,0.01449299999512732,,0.015199600020423532
computer,HACK+MEMORY+MODEM=HACKER,3,10,6,10,True,all,cadical153,1374,4732,1,2,True,True,0.0009634000016376376,0.0629555000923574,,0.06391890009399503
computer,HACK+MEMORY+RAM=HACKER,3,9,6,10,True,all,cadical153,1232,4045,1,2,True,True,0.0007890000706538558,0.0029708000365644693,,0.003759800107218325
computer,HACK+MEMORY+ROM=HACKER,3,9,6,10,True,all,cadical153,1232,4045,1,2,True,True,0.0007475001038983464,0.006054099998436868,,0.006801600102335215
computer,HACK+MEMORY+WWW=HACKER,3,10,6,10,True,all,cadical153,1251,4162,1,2,True,True,0.0007664000149816275,0.0060656999703496695,,0.006832099985331297
computer,HACK+RAM+WWW=IBOOK,3,10,5,10,True,all,cadical153,1064,3590,1,2,True,True,0.0006714999908581376,0.018181600025855005,,0.018853100016713142
computer,HACK+WS+WWW=MOUSE,3,10,5,10,True,all,cadical153,995,3255,1,2,True,True,0.0006671999581158161,0.007750400109216571,,0.008417600067332387
computer,HACKER+IE+SCANNER=MACHINE,3,10,7,10,True,all,cadical153,1391,4543,1,2,True,True,0.0009194000158458948,0.011311099980957806,,0.012230499996803701
computer,IBOOK+IE+REBOOT=HACKER,3,10,6,10,True,all,cadical153,1236,4062,1,2,True,True,0.0008452999172732234,0.038602499989792705,,0.03944779990706593
computer,IBOOK+IMAC+MO=HACKER,3,10,6,10,True,all,cadical153,1150,3736,1,2,True,True,0.02924860001076013,0.012056599953211844,,0.04130519996397197
computer,IBOOK+MAIL+MO=FLOPPY,3,10,6,10,True,all,cadical153,1150,3736,1,2,True,True,0.0007830000249668956,0.00327890005428344,,0.004061900079250336
computer,IBOOK+MO+MODEM=ERROR,3,8,5,10,True,all,cadical153,1095,3579,1,2,True,True,0.0007303999736905098,0.020520399906672537,,0.021250799880363047
computer,IBOOK+MODEM+ROM=ERROR,3,8,5,10,True,all,cadical153,1164,3914,1,2,True,True,0.0007511998992413282,0.012108099879696965,,0.012859299778938293
computer,IBOOK+MODEM+ROM=MEMORY,3,9,6,10,True,all,cadical153,1252,4176,1,2,True,True,0.0008735000155866146,0.0020840001525357366,,0.002957500168122351
computer,IBOOK+MOUSE+MS=ERROR,3,9,5,10,True,all,cadical153,1114,3686,1,2,True,True,0.0007071000291034579,0.05629650002811104,,0.0570036000572145
computer,IBOOK+MOUSE+OS=MEMORY,3,10,6,10,True,all,cadical153,1202,3958,1,2,True,True,0.0007778999861329794,0.0030631000408902764,,0.003841000027023256
computer,IBOOK+RAM+ROM=MOUSE,3,10,5,10,True,all,cadical153,1096,3681,1,2,True,True,0.0007184999994933605,0.006589399999938905,,0.007307899999432266
computer,IBOOK+RAM+WWW=MODEM,3,10,5,10,True,all,cadical153,1096,3681,1,2,True,True,0.0006974999560043216,0.009365799953229725,,0.010063299909234047
computer,IBOOK+WEB+WWW=ERROR,3,7,5,10,True,all,cadical153,1039,3360,1,2,True,True,0.0006984999636188149,0.006465899990871549,,0.007164399954490364
computer,IE+IMAC+MAC=CRASH,3,8,5,10,True,all,cadical153,957,3031,1,2,True,True,0.0005964000010862947,0.0013899001060053706,,0.0019863001070916653
computer,IE+IMAC+WWW=CRACK,3,8,5,10,True,all,cadical153,957,3031,1,2,True,True,0.0005850000306963921,0.001845699967816472,,0.002430699998512864
computer,IE+LINUX+UNIX=MEMORY,3,10,6,10,True,all,cadical153,1150,3736,1,2,True,True,0.0008544001029804349,0.0052714000921696424,,0.006125800195150077
computer,IE+LINUX+WWW=MODEM,3,10,5,10,True,all,cadical153,1027,3346,1,2,True,True,0.000636099954135716,0.010582900024019182,,0.011218999978154898
computer,IE+MAC+MODEM=CRACK,3,9,5,10,True,all,cadical153,1008,3229,1,2,True,True,0.0006062999600544572,0.0065972000593319535,,0.007203500019386411
computer,IE+PRINTER+REBOOT=NETWORK,3,10,7,10,True,all,cadical153,1391,4543,1,2,True,True,0.0009717000648379326,0.015462700044736266,,0.0164344001095742
computer,IMAC+MAC+MO=CRASH,3,8,5,10,True,all,cadical153,957,3031,1,2,True,True,0.0005876000504940748,0.0020860000513494015,,0.0026736001018434763
computer,IMAC+MAC+MPU=CRACK,3,8,5,10,True,all,cadical153,1026,3366,1,2,True,True,0.000636699958704412,0.0015313000185415149,,0.002167999977245927
computer,IMAC+MAC+MS=CRASH,3,7,5,10,True,all,cadical153,938,2934,1,2,True,True,0.0005746999522671103,0.0015015999088063836,,0.002076299861073494
computer,IMAC+MAC+NT=CRACK,3,8,5,10,True,all,cadical153,957,3031,1,2,True,True,0.000583500019274652,0.0012894000392407179,,0.00187290005851537
computer,IMAC+MAC+OS=CRACK,3,8,5,10,True,all,cadical153,957,3031,1,2,True,True,0.000587899936363101,0.0013103000819683075,,0.0018982000183314085
computer,IMAC+MAC+WS=CRACK,3,8,5,10,True,all,cadical153,957,3031,1,2,True,True,0.0005984000163152814,0.0012939999578520656,,0.001892399974167347
computer,IMAC+MAC+WWW=CRASH,3,8,5,10,True,all,cadical153,1026,3366,1,2,True,True,0.0006291000172495842,0.0033887000754475594,,0.0040178000926971436
computer,IMAC+MAC+WWW=MOUSE,3,9,5,10,True,all,cadical153,1045,3473,1,2,True,True,0.0006411999929696321,0.0013609000016003847,,0.002002099994570017
computer,IMAC+MODEM+ROM=HACKER,3,10,6,10,True,all,cadical153,1219,4071,1,2,True,True,0.0007429999532178044,0.003640000009909272,,0.004382999963127077
computer,IMAC+WS+WWW=CRASH,3,8,5,10,True,all,cadical153,957,3031,1,2,True,True,0.0005771000869572163,0.0031661000102758408,,0.003743200097233057
computer,INTERNET+MONITOR+NT=COMPUTER,3,10,8,10,True,all,cadical153,1546,5024,1,2,True,True,0.0010083999950438738,0.016268700012005866,,0.01727710000704974
computer,INTERNET+PRINTER+ROM=COMPUTER,3,10,8,10,True,all,cadical153,1615,5359,1,2,True,True,0.0009826000314205885,0.026446199975907803,,0.02742880000732839
computer,INTERNET+WINDOWS+WS=DISKETTE,3,10,8,10,True,all,cadical153,1546,5024,1,2,True,True,0.0009885999606922269,0.016070600016973913,,0.01705919997766614
computer,MAC+MAIL+ROM=LINUX,3,10,5,10,True,all,cadical153,1064,3590,1,2,True,True,0.0007091999286785722,0.006178600015118718,,0.00688779994379729
computer,MAC+MO+MODEM=APPLE,3,8,5,10,True,all,cadical153,989,3122,1,2,True,True,0.0006401999853551388,0.0028229999588802457,,0.0034631999442353845
computer,MAC+MO+MODEM=ERROR,3,7,5,10,True,all,cadical153,970,3025,1,2,True,True,0.000587899936363101,0.0012029999634250998,,0.0017908998997882009
computer,MAC+MODEM+WWW=ERROR,3,8,5,10,True,all,cadical153,1058,3457,1,2,True,True,0.0006365999579429626,0.003474299912340939,,0.004110899870283902
computer,MAC+MOUSE+MS=CRACK,3,9,5,10,True,all,cadical153,1008,3229,1,2,True,True,0.0006429000059142709,0.0040840000146999955,,0.004726900020614266
computer,MAC+MOUSE+PC=CRASH,3,10,5,10,True,all,cadical153,1027,3346,1,2,True,True,0.0006289000157266855,0.0096228999318555,,0.010251799947582185
computer,MAC+MOUSE+WWW=CRACK,3,10,5,10,True,all,cadical153,1096,3681,1,2,True,True,0.0006827000761404634,0.029114000033587217,,0.02979670010972768
computer,MAIL+MEMORY+RAM=FOLDER,3,10,6,10,True,all,cadical153,1251,4162,1,2,True,True,0.0007773999823257327,0.004657500074245036,,0.005434900056570768
computer,MAIL+MEMORY+ROM=FOLDER,3,10,6,10,True,all,cadical153,1251,4162,1,2,True,True,0.0007617000956088305,0.0031977000180631876,,0.003959400113672018
computer,MAIL+MO+WWW=ERROR,3,8,5,10,True,all,cadical153,957,3031,1,2,True,True,0.0006337000522762537,0.001981099951080978,,0.0026148000033572316
computer,MAIL+MO+WWW=LINUX,3,9,5,10,True,all,cadical153,976,3138,1,2,True,True,0.0006056000711396337,0.002880200045183301,,0.0034858001163229346
computer,MAIL+MPU+RAM=LINUX,3,9,5,10,True,all,cadical153,1045,3473,1,2,True,True,0.0006648000562563539,0.002995000104419887,,0.003659800160676241
computer,MAIL+MS+WWW=LINUX,3,9,5,10,True,all,cadical153,976,3138,1,2,True,True,0.0006533999694511294,0.0025137000484392047,,0.003167100017890334
computer,MAIL+RAM+ROM=LINUX,3,9,5,10,True,all,cadical153,1045,3473,1,2,True,True,0.0006347999442368746,0.002152599976398051,,0.0027873999206349254
computer,MEMORY+MO+REBOOT=FLOPPY,3,10,6,10,True,all,cadical153,1288,4284,1,2,True,True,0.0008223000913858414,0.023181700031273067,,0.02400400012265891
computer,MEMORY+MODEM+PRINTER=MONITOR,3,10,7,10,True,all,cadical153,1598,5548,1,2,True,True,0.024825999978929758,0.016604999895207584,,0.04143099987413734
computer,MEMORY+MODEM+ROM=HACKER,3,10,6,10,True,all,cadical153,1305,4397,1,2,True,True,0.0008191999513655901,0.02077080006711185,,0.02159000001847744
computer,MEMORY+MS+SCANNER=CRACKER,3,10,7,10,True,all,cadical153,1391,4543,1,2,True,True,0.0008431000169366598,0.0071532001020386815,,0.007996300118975341
computer,MO+MODEM+MPU=ERROR,3,7,5,10,True,all,cadical153,970,3025,1,2,True,True,0.0007225999142974615,0.0010917000472545624,,0.0018142999615520239
computer,MO+MODEM+OS=APPLE,3,8,5,10,True,all,cadical153,935,2887,1,2,True,True,0.0006244000978767872,0.0018020999850705266,,0.002426500082947314
computer,MO+MODEM+WWW=APPLE,3,8,5,10,True,all,cadical153,989,3122,1,2,True,True,0.0006028000498190522,0.002884899964556098,,0.00348770001437515
computer,MO+MODEM+WWW=CRASH,3,10,5,10,True,all,cadical153,1027,3346,1,2,True,True,0.0006353000644594431,0.007749199983663857,,0.0083845000481233
computer,MO+MODEM+WWW=LINUX,3,10,5,10,True,all,cadical153,1027,3346,1,2,True,True,0.00067839992698282,0.007969599915668368,,0.008647999842651188
computer,MO+MS+OS=ROM,3,4,3,10,True,all,cadical153,623,1963,1,2,True,True,0.0004045999376103282,0.0025110000278800726,,0.002915599965490401
computer,MODEM+MOUSE+MPU=FLOPPY,3,10,6,10,True,all,cadical153,1271,4293,1,2,True,True,0.0008063000859692693,0.014052100013941526,,0.014858400099910796
computer,MODEM+MOUSE+WS=FOLDER,3,10,6,10,True,all,cadical153,1202,3958,1,2,True,True,0.0008027000585570931,0.015018100035376847,,0.01582080009393394
computer,MODEM+MPU+WWW=ERROR,3,8,5,10,True,all,cadical153,1058,3457,1,2,True,True,0.0006798999384045601,0.0032513000769540668,,0.003931200015358627
computer,MODEM+MS+WWW=CRASH,3,10,5,10,True,all,cadical153,1027,3346,1,2,True,True,0.0006324000423774123,0.01642779994290322,,0.017060199985280633
computer,MODEM+OS+WWW=CRASH,3,10,5,10,True,all,cadical153,1027,3346,1,2,True,True,0.0006692999741062522,0.016051099868491292,,0.016720399842597544
computer,MODEM+RAM+REBOOT=FOLDER,3,10,6,10,True,all,cadical153,1305,4397,1,2,True,True,0.0008579000132158399,0.03538949997164309,,0.03624739998485893
computer,MODEM+REBOOT+WEB=FOLDER,3,10,6,10,True,all,cadical153,1305,4397,1,2,True,True,0.0010845999931916595,0.02243450004607439,,0.02351910003926605
computer,MODEM+WEB+WWW=APPLE,3,9,5,10,True,all,cadical153,1077,3564,1,2,True,True,0.0006832999642938375,0.014471300062723458,,0.015154600027017295
computer,MODEM+WEB+WWW=ERROR,3,7,5,10,True,all,cadical153,1039,3360,1,2,True,True,0.0007444999646395445,0.004718599957413971,,0.005463099922053516
computer,MOUSE+MPU+PC=CRASH,3,10,5,10,True,all,cadical153,1027,3346,1,2,True,True,0.0010312000522390008,0.009915400063619018,,0.010946600115858018
computer,MOUSE+WS+WWW=ERROR,3,7,5,10,True,all,cadical153,970,3025,1,2,True,True,0.0007990999147295952,0.002743900055065751,,0.0035429999697953463
computer,NETWORK+OS+SCANNER=CRACKER,3,10,7,10,True,all,cadical153,1443,4765,1,2,True,True,0.001188300084322691,0.01993599988054484,,0.021124299964867532
computer,NETWORK+REBOOT+WWW=PRINTER,3,10,7,10,True,all,cadical153,1460,4878,1,2,True,True,0.00088900001719594,0.018279400072060525,,0.019168400089256465
computer,NETWORK+WINDOWS+WS=DISKETTE,3,10,8,10,True,all,cadical153,1512,4920,1,2,True,True,0.001000500051304698,0.02003730006981641,,0.02103780012112111
computer,UNIX+WS+WWW=CRASH,3,10,5,10,True,all,cadical153,995,3255,1,2,True,True,0.0006383999716490507,0.009598499862477183,,0.010236899834126234
de-num,EINS+EINS+EINS+EINS=VIER,4,6,4,10,True,all,cadical153,1412,5543,1,2,True,True,0.0014461000682786107,0.0042168000945821404,,0.005662900162860751
de-num,EINS+ZWEI+SIEBEN+SECHZIG=SIEBZIG,4,10,7,10,True,all,cadical153,1905,7198,1,2,True,True,0.0012465000618249178,0.053018800099380314,,0.05426530016120523
de-num,EINS+EINS+EINS+EINS+EINS=FUNF,5,6,4,10,True,all,cadical153,1868,8052,1,2,True,True,0.0013908999972045422,0.003474300028756261,,0.004865200025960803
de-num,EINS+EINS+EINS+DREI+DREI=NEUN,5,7,4,10,True,all,cadical153,1887,8139,1,2,True,True,0.001423100009560585,0.012672399985603988,,0.014095499995164573
de-num,ZWEI+ZWEI+ZWEI+SIEBEN+SIEBEN=ZWANZIG,5,9,7,10,True,all,cadical153,2312,9512,1,2,True,True,0.027465800056234002,0.013597300043329597,,0.0410631000995636
de-num,ZWEI+VIER+VIER+VIERZIG+VIERZIG=NEUNZIG,5,9,7,10,True,all,cadical153,2398,9838,1,2,True,True,0.0016592999454587698,0.016409299918450415,,0.018068599863909185
eg-num,SIX+SEVEN+SEVEN=TWENTY,3,9,6,10,True,all,cadical153,1252,4176,1,2,True,True,0.0009191000135615468,0.0031568000558763742,,0.004075900069437921
eg-num,TEN+TEN+FORTY=SIXTY,3,10,5,10,True,all,cadical153,1096,3681,1,2,True,True,0.0007069000275805593,0.01665950007736683,,0.017366400104947388
eg-num,ZERO+ZERO+THIRTY+FIFTY=EIGHTY,4,10,6,10,True,all,cadical153,1750,6717,1,2,True,True,0.0013651000335812569,0.04522000008728355,,0.04658510012086481
eg-num,ZERO+ZERO+FORTY+FIFTY=NINETY,4,9,6,10,True,all,cadical153,1697,6496,1,2,True,True,0.0014084000140428543,0.024630800005979836,,0.02603920002002269
eg-num,ZERO+TEN+FORTY+FORTY=NINETY,4,9,6,10,True,all,cadical153,1608,6031,1,2,True,True,0.001065499964170158,0.013913100119680166,,0.014978600083850324
eg-num,ONE+NINE+TWENTY+FIFTY=EIGHTY,4,10,6,10,True,all,cadical153,1661,6252,1,2,True,True,0.0011203999165445566,0.012729700072668493,,0.01385009998921305
eg-num,THREE+THREE+THREE+ELEVEN=TWENTY,4,9,6,10,True,all,cadical153,1894,7431,1,2,True,True,0.0014054999919608235,0.0035303999902680516,,0.004935899982228875
eg-num,FIVE+FIVE+NINE+ELEVEN=THIRTY,4,10,6,10,True,all,cadical153,1694,6469,1,2,True,True,0.0012700000079348683,0.015925399959087372,,0.01719539996702224
eg-num,FIVE+FIVE+THIRTY+FORTY=EIGHTY,4,10,6,10,True,all,cadical153,1750,6717,1,2,True,True,0.0011368000414222479,0.026637300034053624,,0.02777410007547587
eg-num,FIVE+FIVE+THIRTY+FIFTY=NINETY,4,9,6,10,True,all,cadical153,1731,6600,1,2,True,True,0.0011924999998882413,0.03335860010702163,,0.03455110010690987
eg-num,SIX+EIGHT+EIGHT+EIGHT=THIRTY,4,9,6,10,True,all,cadical153,1680,6384,1,2,True,True,0.0013135999906808138,0.0063810000428929925,,0.007694600033573806
eg-num,SEVEN+SEVEN+SEVEN+NINE=THIRTY,4,9,6,10,True,all,cadical153,1769,6849,1,2,True,True,0.001388799981214106,0.014326299889944494,,0.0157150998711586
eg-num,TWENTY+TWENTY+THIRTY+THIRTY=HUNDRED,4,10,7,10,True,all,cadical153,2197,8756,1,2,True,True,0.0017456000205129385,0.027262000017799437,,0.029007600038312376
eg-num,ZERO+ZERO+ZERO+THIRTY+FIFTY=EIGHTY,5,10,6,10,True,all,cadical153,2210,9252,1,2,True,True,0.024801199906505644,0.03316620003897697,,0.05796739994548261
eg-num,ZERO+ZERO+ZERO+FORTY+FIFTY=NINETY,5,9,6,10,True,all,cadical153,2157,9031,1,2,True,True,0.0020975000225007534,0.03602070000488311,,0.038118200027383864
eg-num,ZERO+ZERO+TEN+THIRTY+FIFTY=NINETY,5,10,6,10,True,all,cadical153,2101,8657,1,2,True,True,0.0020175999961793423,0.08603459992446005,,0.0880521999206394
eg-num,ZERO+ONE+NINE+FORTY+FORTY=NINETY,5,9,6,10,True,all,cadical153,2048,8436,1,2,True,True,0.0014970999909564853,0.0729487999342382,,0.07444589992519468
eg-num,ZERO+TWO+THREE+THREE+THREE=ELEVEN,5,10,6,10,True,all,cadical153,2141,8919,1,2,True,True,0.0014687000075355172,0.02189820003695786,,0.023366900044493377
eg-num,ZERO+FIVE+FIVE+FORTY+FORTY=NINETY,5,10,6,10,True,all,cadical153,2176,9148,1,2,True,True,0.0014914999483153224,0.053195000044070184,,0.05468649999238551
eg-num,ZERO+TEN+TWENTY+THIRTY+THIRTY=NINETY,5,10,6,10,True,all,cadical153,2303,9624,1,2,True,True,0.0018962000031024218,0.028374000103212893,,0.030270200106315315
eg-num,ONE+ONE+TWO+EIGHT+EIGHT=TWENTY,5,9,6,10,True,all,cadical153,1874,7534,1,2,True,True,0.001335499924607575,0.012199299992062151,,0.013534799916669726
eg-num,ONE+ONE+EIGHT+THIRTY+FORTY=EIGHTY,5,10,6,10,True,all,cadical153,2079,8513,1,2,True,True,0.0014452999457716942,0.06487010000273585,,0.06631539994850755
eg-num,ONE+TWO+TWO+THREE+THREE=ELEVEN,5,9,6,10,True,all,cadical153,1874,7534,1,2,True,True,0.0013679999392479658,0.005223500193096697,,0.006591500132344663
eg-num,ONE+TWO+THREE+THREE+ELEVEN=TWENTY,5,10,6,10,True,all,cadical153,2079,8513,1,2,True,True,0.0015005000168457627,0.07591659994795918,,0.07741709996480495
eg-num,ONE+TWO+FIVE+FIVE+SEVEN=TWENTY,5,10,6,10,True,all,cadical153,1917,7808,1,2,True,True,0.0324096999829635,0.02767950005363673,,0.06008920003660023
eg-num,ONE+NINE+TWENTY+TWENTY+FORTY=NINETY,5,9,6,10,True,all,cadical153,2212,9154,1,2,True,True,0.0017219999572262168,0.01470800000242889,,0.016429999959655106
eg-num,ONE+NINE+TWENTY+THIRTY+THIRTY=NINETY,5,9,6,10,True,all,cadical153,2284,9507,1,2,True,True,0.0017439000075682998,0.020864299964159727,,0.022608199971728027
eg-num,TWO+TWO+TWO+SEVEN+SEVEN=TWENTY,5,8,6,10,True,all,cadical153,1855,7427,1,2,True,True,0.0014606999466195703,0.004566600080579519,,0.0060273000271990895
eg-num,TWO+TWO+EIGHT+EIGHT+SIXTY=EIGHTY,5,10,6,10,True,all,cadical153,2043,8396,1,2,True,True,0.0014633000828325748,0.014795300085097551,,0.016258600167930126
eg-num,TWO+FOUR+FOUR+FORTY+FORTY=NINETY,5,10,6,10,True,all,cadical153,2067,8553,1,2,True,True,0.0015749000012874603,0.032860000035725534,,0.034434900037012994
eg-num,TWO+EIGHT+TWENTY+TWENTY+THIRTY=EIGHTY,5,10,6,10,True,all,cadical153,2401,10147,1,2,True,True,0.002110400004312396,0.03104270005133003,,0.033153100055642426
eg-num,THREE+THREE+FOUR+THIRTY+FIFTY=NINETY,5,10,6,10,True,all,cadical153,2380,10128,1,2,True,True,0.001903700060211122,0.2648684000596404,,0.26677210011985153
eg-num,THREE+FIVE+FIVE+SEVEN+TEN=THIRTY,5,10,6,10,True,all,cadical153,2067,8553,1,2,True,True,0.001591100008226931,0.03399290004745126,,0.03558400005567819
eg-num,THREE+SEVEN+TEN+TWENTY+THIRTY=SEVENTY,5,10,7,10,True,all,cadical153,2396,9936,1,2,True,True,0.0017571001080796123,0.011972400126978755,,0.013729500235058367
eg-num,THREE+SEVEN+FIFTEEN+FIFTEEN+THIRTY=SEVENTY,5,10,7,10,True,all,cadical153,2778,11844,1,2,True,True,0.028116800007410347,0.031036300002597272,,0.05915310001000762
eg-num,FIVE+FIVE+FIFTEEN+FIFTEEN+THIRTY=SEVENTY,5,10,7,10,True,all,cadical153,2571,10726,1,2,True,True,0.002063299994915724,0.06387079996056855,,0.06593409995548427
eg-num,FIVE+FIVE+TWENTY+TWENTY+FORTY=NINETY,5,10,6,10,True,all,cadical153,2340,9866,1,2,True,True,0.0018702000379562378,0.045647600083611906,,0.04751780012156814
eg-num,FIVE+NINE+SIXTEEN+TWENTY+TWENTY=SEVENTY,5,10,7,10,True,all,cadical153,2517,10491,1,2,True,True,0.0019338000565767288,0.07644949993118644,,0.07838329998776317
eg-num,FIVE+TEN+FIFTEEN+TWENTY+TWENTY=SEVENTY,5,9,7,10,True,all,cadical153,2389,9779,1,2,True,True,0.0018096000421792269,0.09381170000415295,,0.09562130004633218
eg-num,SEVEN+ELEVEN+ELEVEN+ELEVEN+THIRTY=SEVENTY,5,10,7,10,True,all,cadical153,2780,11976,1,2,True,True,0.0023118999088183045,0.02233669999986887,,0.024648599908687174
eg-num,TEN+TEN+TWENTY+TWENTY+TWENTY=EIGHTY,5,8,6,10,True,all,cadical153,2167,8877,1,2,True,True,0.001740099978633225,0.006796500063501298,,0.008536600042134523
eg-num,TEN+TEN+TWENTY+TWENTY+THIRTY=NINETY,5,8,6,10,True,all,cadical153,2167,8877,1,2,True,True,0.0016096999170258641,0.005942100076936185,,0.0075517999939620495
eg-num,FIVE+SEVEN+ELEVEN+TWELVE+FIFTEEN+TWENTY=SEVENTY,6,10,7,10,True,all,cadical153,3377,15289,1,2,True,True,0.0028303000144660473,0.06323229998815805,,0.0660626000026241
eg-num,SIX+SEVEN+NINE+TWELVE+SIXTEEN+TWENTY=SEVENTY,6,10,7,10,True,all,cadical153,3034,13400,1,2,True,True,0.028463899972848594,0.13555649993941188,,0.16402039991226047
eg-num,ONE+TWO+FIVE+NINE+ELEVEN+TWELVE+FIFTY=NINETY,7,10,6,10,True,all,cadical153,3229,14972,1,2,True,True,0.0030973999528214335,0.30033849994651973,,0.30343589989934117
es-num,CERO+SEIS+SIETE=TRECE,3,7,5,10,True,all,cadical153,1162,3930,1,2,True,True,0.0008758000330999494,0.013432199833914638,,0.014307999867014587
es-num,DOS+DOS+TRES=SIETE,3,7,5,10,True,all,cadical153,1007,3269,1,2,True,True,0.0007038000039756298,0.0006117000011727214,,0.0013155000051483512
es-num,SEIS+CATORCE+SETENTA=NOVENTA,3,10,7,10,True,all,cadical153,1581,5435,1,2,True,True,0.0009675999172031879,0.015737300040200353,,0.01670489995740354
es-num,CERO+CERO+CINCO+QUINCE=VEINTE,4,10,6,10,True,all,cadical153,1750,6717,1,2,True,True,0.0012616999447345734,0.024814499891363084,,0.026076199836097658
es-num,CERO+CERO+SEIS+NUEVE=QUINCE,4,10,6,10,True,all,cadical153,1662,6378,1,2,True,True,0.0012378999963402748,0.010921399923972785,,0.01215929992031306
es-num,UNO+UNO+NUEVE+NUEVE=VEINTE,4,7,6,10,True,all,cadical153,1494,5448,1,2,True,True,0.0009435999672859907,0.0026150000048801303,,0.003558599972166121
es-num,UNO+CINCO+CINCO+NUEVE=VEINTE,4,8,6,10,True,all,cadical153,1661,6277,1,2,True,True,0.0011310999980196357,0.025973299983888865,,0.0271043999819085
es-num,TRES+TRES+CATORCE+SETENTA=NOVENTA,4,9,7,10,True,all,cadical153,1938,7303,1,2,True,True,0.0014509999891743064,0.028505499940365553,,0.02995649992953986
es-num,CUATRO+CUATRO+NUEVE+TRECE=TREINTA,4,10,7,10,True,all,cadical153,2036,7938,1,2,True,True,0.001587199978530407,0.022606399841606617,,0.024193599820137024
es-num,CINCO+CINCO+TREINTA+TREINTA=SETENTA,4,9,7,10,True,all,cadical153,2103,8147,1,2,True,True,0.001680700108408928,0.007199700106866658,,0.008880400215275586
es-num,OCHO+OCHO+CATORCE+TREINTA=SESENTA,4,10,7,10,True,all,cadical153,1957,7420,1,2,True,True,0.001256300020031631,0.026982900104485452,,0.028239200124517083
es-num,OCHO+DOCE+TREINTA+TREINTA=OCHENTA,4,10,7,10,True,all,cadical153,1957,7420,1,2,True,True,0.0015589999966323376,0.02339630003552884,,0.024955300032161176
es-num,DIEZ+DIEZ+VEINTE+VEINTE=SESENTA,4,9,7,10,True,all,cadical153,1852,6977,1,2,True,True,0.030856400029733777,0.006804600008763373,,0.03766100003849715
es-num,CERO+CERO+CERO+CINCO+DIEZ=QUINCE,5,10,6,10,True,all,cadical153,2120,8900,1,2,True,True,0.001636600005440414,0.021439599920995533,,0.023076199926435947
es-num,CERO+CERO+CERO+SEIS+NUEVE=QUINCE,5,10,6,10,True,all,cadical153,2120,8900,1,2,True,True,0.001793599920347333,0.01633929996751249,,0.01813289988785982
es-num,CERO+CERO+CERO+NUEVE+ONCE=VEINTE,5,9,6,10,True,all,cadical153,2101,8783,1,2,True,True,0.0029670000076293945,0.002137599978595972,,0.005104599986225367
es-num,CERO+CERO+UNO+SEIS+TRECE=VEINTE,5,10,6,10,True,all,cadical153,2011,8305,1,2,True,True,0.001542900106869638,0.0316858000587672,,0.03322870016563684
es-num,CERO+CERO+TRES+CINCO+SIETE=QUINCE,5,10,6,10,True,all,cadical153,2176,9148,1,2,True,True,0.0017028999282047153,0.1891699000261724,,0.19087279995437711
es-num,CERO+CERO+SEIS+SIETE+SIETE=VEINTE,5,9,6,10,True,all,cadical153,2157,9031,1,2,True,True,0.0025755000533536077,0.018397800042293966,,0.020973300095647573
es-num,CERO+CERO+VEINTE+VEINTE+TREINTA=SETENTA,5,10,7,10,True,all,cadical153,2517,10491,1,2,True,True,0.0024700999492779374,0.022470199852250516,,0.024940299801528454
es-num,CERO+CERO+TREINTA+TREINTA+TREINTA=NOVENTA,5,9,7,10,True,all,cadical153,2624,10962,1,2,True,True,0.002071700058877468,0.013934699934907258,,0.016006399993784726
es-num,CERO+UNO+UNO+TRES+SEIS=ONCE,5,9,4,10,True,all,cadical153,1724,7264,1,2,True,True,0.0014198999851942062,0.029596200096420944,,0.03101610008161515
es-num,CERO+UNO+SEIS+SEIS+SIETE=VEINTE,5,10,6,10,True,all,cadical153,2011,8305,1,2,True,True,0.001500000013038516,0.009750100085511804,,0.01125010009855032
es-num,CERO+TRES+TRES+CATORCE+SETENTA=NOVENTA,5,9,7,10,True,all,cadical153,2398,9838,1,2,True,True,0.0299108000472188,0.11474469990935177,,0.14465549995657057
es-num,CERO+CINCO+CINCO+CINCO+CINCO=VEINTE,5,8,6,10,True,all,cadical153,2304,9774,1,2,True,True,0.0018382000271230936,0.013380900025367737,,0.01521910005249083
es-num,UNO+UNO+UNO+SIETE+DIEZ=VEINTE,5,10,6,10,True,all,cadical153,1841,7429,1,2,True,True,0.0012971000978723168,0.011721300077624619,,0.013018400175496936
es-num,UNO+UNO+UNO+SIETE+SETENTA=OCHENTA,5,10,7,10,True,all,cadical153,2028,8001,1,2,True,True,0.00145619991235435,0.0032960999524220824,,0.0047522998647764325
es-num,UNO+UNO+TRES+SEIS+NUEVE=VEINTE,5,9,6,10,True,all,cadical153,1898,7691,1,2,True,True,0.0016138000646606088,0.008622499997727573,,0.010236300062388182
es-num,UNO+UNO+CUATRO+CUATRO+OCHENTA=NOVENTA,5,10,7,10,True,all,cadical153,2310,9373,1,2,True,True,0.002268599928356707,0.011828000075183809,,0.014096600003540516
es-num,UNO+DOS+DOS+CINCO+CINCO=QUINCE,5,9,6,10,True,all,cadical153,1874,7534,1,2,True,True,0.0014693000121042132,0.015834899968467653,,0.017304199980571866
es-num,UNO+TRES+TRES+SEIS+SIETE=VEINTE,5,9,6,10,True,all,cadical153,1992,8188,1,2,True,True,0.0015879999846220016,0.005316099966876209,,0.00690409995149821
es-num,UNO+CUATRO+CUATRO+ONCE+SETENTA=NOVENTA,5,10,7,10,True,all,cadical153,2408,9896,1,2,True,True,0.0019394999835640192,0.06807490007486194,,0.07001440005842596
es-num,UNO+NUEVE+VEINTE+TREINTA+TREINTA=NOVENTA,5,9,7,10,True,all,cadical153,2541,10537,1,2,True,True,0.001992399920709431,0.03333460015710443,,0.035327000077813864
es-num,DOS+TRES+TRES+TRES+NUEVE=VEINTE,5,10,6,10,True,all,cadical153,2011,8305,1,2,True,True,0.0018675999017432332,0.0075696001295000315,,0.009437200031243265
es-num,DOS+TRES+TRES+CINCO+SIETE=VEINTE,5,10,6,10,True,all,cadical153,2067,8553,1,2,True,True,0.02661100006662309,0.024854199844412506,,0.0514651999110356
es-num,DOS+ONCE+TRECE+CATORCE+TREINTA=SETENTA,5,10,7,10,True,all,cadical153,2386,9752,1,2,True,True,0.0020786999957636,0.016438799910247326,,0.018517499906010926
es-num,TRES+SEIS+SIETE+CATORCE+SESENTA=NOVENTA,5,10,7,10,True,all,cadical153,2495,10347,1,2,True,True,0.001974000013433397,0.16570220002904534,,0.16767620004247874
es-num,CUATRO+CUATRO+CUATRO+CUATRO+CUATRO=VEINTE,5,10,6,10,True,all,cadical153,2820,12416,1,2,True,True,0.0021847999887540936,0.010311999940313399,,0.012496799929067492
es-num,CUATRO+CUATRO+CINCO+SEIS+ONCE=TREINTA,5,10,7,10,True,all,cadical153,2409,10021,1,2,True,True,0.0019133000168949366,0.045462199952453375,,0.04737549996934831
es-num,CUATRO+CINCO+SIETE+CATORCE+TREINTA=SESENTA,5,10,7,10,True,all,cadical153,2778,11844,1,2,True,True,0.0030932999216020107,0.17400170012842864,,0.17709500005003065
es-num,OCHO+ONCE+ONCE+TREINTA+TREINTA=NOVENTA,5,10,7,10,True,all,cadical153,2417,9955,1,2,True,True,0.0020540000405162573,0.028481699991971254,,0.03053570003248751
es-num,DIEZ+DIEZ+VEINTE+VEINTE+TREINTA=NOVENTA,5,10,7,10,True,all,cadical153,2517,10491,1,2,True,True,0.0019057999597862363,0.026866400032304227,,0.028772199992090464
es-num,DIEZ+VEINTE+VEINTE+VEINTE+VEINTE=NOVENTA,5,9,7,10,True,all,cadical153,2652,11264,1,2,True,True,0.0021956999553367496,0.017390099936164916,,0.019585799891501665
es-num,DOCE+DOCE+DOCE+CATORCE+TREINTA=OCHENTA,5,10,7,10,True,all,cadical153,2417,9955,1,2,True,True,0.029599000001326203,0.029766599996946752,,0.059365599998272955
es-num,TRECE+TRECE+CATORCE+VEINTE+VEINTE=OCHENTA,5,10,7,10,True,all,cadical153,2724,11609,1,2,True,True,0.002932900097221136,0.023697099997662008,,0.026630000094883144
es-num,DOS+CINCO+SIETE+DOCE+CATORCE+TREINTA=SETENTA,6,10,7,10,True,all,cadical153,3010,13243,1,2,True,True,0.002446600003167987,0.09313709998968989,,0.09558369999285787
es-num,UNO+CUATRO+CINCO+SEIS+ONCE+TRECE+TREINTA=SETENTA,7,10,7,10,True,all,cadical153,3570,16552,1,2,True,True,0.0037002000026404858,0.2862398000434041,,0.2899400000460446
es-num,TRES+CINCO+SEIS+OCHO+ONCE+TRECE+CATORCE=SESENTA,7,10,7,10,True,all,cadical153,3563,16623,1,2,True,True,0.002983400016091764,0.012760399957187474,,0.015743799973279238
es-num,TRES+SEIS+SIETE+ONCE+TRECE+VEINTE+TREINTA=NOVENTA,7,10,7,10,True,all,cadical153,3719,17407,1,2,True,True,0.0030433000065386295,0.29819699993822724,,0.30124029994476587
es-num,UNO+DOS+TRES+CUATRO+ONCE+DOCE+TRECE+CATORCE=SESENTA,8,10,7,10,True,all,cadical153,4006,19168,1,2,True,True,0.003918200032785535,0.07947780005633831,,0.08339600008912385
fr-num,UN+UN+NEUF=ONZE,3,6,4,10,True,all,cadical153,796,2457,1,2,True,True,0.02645669993944466,0.0011417000787332654,,0.027598400018177927
fr-num,CINQ+CINQ+VINGT=TRENTE,3,9,6,10,True,all,cadical153,1269,4289,1,2,True,True,0.0009354000212624669,0.005223699961788952,,0.006159099983051419
fr-num,ZERO+NEUF+NEUF+DOUZE=TRENTE,4,9,6,10,True,all,cadical153,1643,6261,1,2,True,True,0.0012938000727444887,0.01236529997549951,,0.013659100048244
fr-num,ZERO+ZERO+ZERO+UN+DOUZE=TREIZE,5,9,6,10,True,all,cadical153,1883,7593,1,2,True,True,0.0014483999693766236,0.014575600158423185,,0.01602400012779981
fr-num,ZERO+ZERO+SEPT+SEPT+SEIZE=TRENTE,5,9,6,10,True,all,cadical153,2101,8783,1,2,True,True,0.001738599967211485,0.012468400062061846,,0.014207000029273331
fr-num,ZERO+UN+TROIS+ONZE+QUINZE=TRENTE,5,10,6,10,True,all,cadical153,1992,8062,1,2,True,True,0.0016172999748960137,0.3227971000596881,,0.3244144000345841
fr-num,ZERO+TROIS+TROIS+TROIS+SEPT=SEIZE,5,8,5,10,True,all,cadical153,2143,9135,1,2,True,True,0.0017558999825268984,0.029938800144009292,,0.03169470012653619
fr-num,ZERO+TROIS+TROIS+DOUZE+DOUZE=TRENTE,5,10,6,10,True,all,cadical153,2342,9998,1,2,True,True,0.0019081000937148929,0.11448170011863112,,0.11638980021234602
fr-num,ZERO+QUATRE+QUATRE+ONZE+ONZE=TRENTE,5,9,6,10,True,all,cadical153,2243,9357,1,2,True,True,0.0017309000249952078,0.03906249988358468,,0.040793399908579886
fr-num,UN+UN+QUATRE+DOUZE+DOUZE=TRENTE,5,10,6,10,True,all,cadical153,1872,7395,1,2,True,True,0.0014483999693766236,0.21119859989266843,,0.21264699986204505
fr-num,UN+DEUX+DEUX+DEUX+DEUX=NEUF,5,6,4,10,True,all,cadical153,1650,6862,1,2,True,True,0.001178500009700656,0.006384100066497922,,0.007562600076198578
fr-num,UN+QUATRE+CINQ+CINQ+QUINZE=TRENTE,5,10,6,10,True,all,cadical153,2044,8284,1,2,True,True,0.0013717999681830406,0.0324178000446409,,0.03378960001282394
fr-num,TROIS+TROIS+TROIS+CINQ+SEIZE=TRENTE,5,10,6,10,True,all,cadical153,2342,9998,1,2,True,True,0.0019608999136835337,0.04425520007498562,,0.04621609998866916
fr-num,QUATRE+QUATRE+QUATRE+NEUF+NEUF=TRENTE,5,8,6,10,True,all,cadical153,2374,9995,1,2,True,True,0.027585800038650632,0.03935160010587424,,0.06693740014452487
fruit,APPLE+GRAPE=CHERRY,2,9,6,10,True,all,cadical153,1028,3072,1,2,True,True,0.0007223000284284353,0.019695900031365454,,0.02041820005979389
fruit,APPLE+LEMON=BANANA,2,8,6,10,True,all,cadical153,1009,2965,1,2,True,True,0.0005946999881416559,0.00696939998306334,,0.007564099971204996
fruit,APPLE+LITCHI=CHERRY,2,10,6,10,True,all,cadical153,1079,3280,1,2,True,True,0.0006988999666646123,0.015101600089110434,,0.015800500055775046
fruit,APPLE+PAPAYA=LITCHI,2,9,6,10,True,all,cadical153,1060,3163,1,2,True,True,0.0006961999461054802,0.002161600044928491,,0.0028577999910339713
fruit,APPLE+PEAR=CHERRY,2,8,6,10,True,all,cadical153,960,2760,1,2,True,True,0.0005588999483734369,0.0013523000525310636,,0.0019112000009045005
fruit,APPLE+PEAR=GRAPE,2,6,5,10,True,all,cadical153,853,2421,1,2,True,True,0.000507200020365417,0.004443300073035061,,0.004950500093400478
fruit,BANANA+GUAVA=ORANGE,2,9,6,10,True,all,cadical153,1060,3163,1,2,True,True,0.0006446000188589096,0.007017500000074506,,0.007662100018933415
fruit,BANANA+PEACH=LITCHI,2,10,6,10,True,all,cadical153,1079,3280,1,2,True,True,0.0006467999191954732,0.011474800063297153,,0.012121599982492626
fruit,CHERRY+PEACH=LITCHI,2,10,6,10,True,all,cadical153,1079,3280,1,2,True,True,0.000631700037047267,0.021172799868509173,,0.02180449990555644
fruit,GRAPE+PEACH=LITCHI,2,10,6,10,True,all,cadical153,1047,3189,1,2,True,True,0.0006361999548971653,0.010823700111359358,,0.011459900066256523
fruit,GUAVA+LEMON=ORANGE,2,10,6,10,True,all,cadical153,1047,3189,1,2,True,True,0.0006471999222412705,0.011825900059193373,,0.012473099981434643
fruit,GUAVA+MELON=ORANGE,2,10,6,10,True,all,cadical153,1047,3189,1,2,True,True,0.0006219000788405538,0.011727300006896257,,0.012349200085736811
fruit,LEMON+MANGO=BANANA,2,8,6,10,True,all,cadical153,1009,2965,1,2,True,True,0.0006090999813750386,0.006748700048774481,,0.0073578000301495194
fruit,LEMON+MELON=LITCHI,2,9,6,10,True,all,cadical153,1028,3072,1,2,True,True,0.0005925999721512198,0.0011380999349057674,,0.0017306999070569873
fruit,LEMON+PLUM=ORANGE,2,10,6,10,True,all,cadical153,998,2984,1,2,True,True,0.00058230001013726,0.0019417998846620321,,0.002524099894799292
fruit,MELON+OLIVE=PAPAYA,2,10,6,10,True,all,cadical153,1047,3189,1,2,True,True,0.000636699958704412,0.006266299984417856,,0.006902999943122268
fruit,MELON+PLUM=ORANGE,2,10,6,10,True,all,cadical153,998,2984,1,2,True,True,0.000582600012421608,0.002292000106535852,,0.00287460011895746
fruit,ORANGE+PAPAYA=CHERRY,2,10,6,10,True,all,cadical153,1128,3485,1,2,True,True,0.0006651000585407019,0.0274662000592798,,0.0281313001178205
fruit,PAPAYA+PLUM=CHERRY,2,10,6,10,True,all,cadical153,1030,3075,1,2,True,True,0.0006669000722467899,0.002779599977657199,,0.003446500049903989
fruit,APPLE+BANANA+GRAPE=ORANGE,3,9,6,10,True,all,cadical153,1424,4950,1,2,True,True,0.0009865999454632401,0.022190999938175082,,0.023177599883638322
fruit,APPLE+BANANA+LEMON=ORANGE,3,10,6,10,True,all,cadical153,1443,5067,1,2,True,True,0.0009557000594213605,0.054448099923320115,,0.055403799982741475
fruit,APPLE+BANANA+PEACH=LITCHI,3,10,6,10,True,all,cadical153,1443,5067,1,2,True,True,0.0011215999256819487,0.14315240003634244,,0.1442739999620244
fruit,APPLE+BANANA+PEAR=CHERRY,3,10,6,10,True,all,cadical153,1374,4732,1,2,True,True,0.0008963999571278691,0.0765246000373736,,0.07742099999450147
fruit,APPLE+GRAPE+LEMON=MANGO,3,9,5,10,True,all,cadical153,1321,4691,1,2,True,True,0.0009708999423310161,0.04180530004668981,,0.042776199989020824
fruit,APPLE+GRAPE+LEMON=ORANGE,3,9,6,10,True,all,cadical153,1390,4846,1,2,True,True,0.0008989000925794244,0.0324800000526011,,0.03337890014518052
fruit,APPLE+GRAPE+MELON=ORANGE,3,9,6,10,True,all,cadical153,1390,4846,1,2,True,True,0.0009722999529913068,0.03150879999157041,,0.03248109994456172
fruit,APPLE+GRAPE+PEAR=BANANA,3,8,6,10,True,all,cadical153,1302,4404,1,2,True,True,0.0008088999893516302,0.008751399931497872,,0.009560299920849502
fruit,APPLE+GRAPE+PEAR=LITCHI,3,10,6,10,True,all,cadical153,1340,4628,1,2,True,True,0.0009448999771848321,0.05693920003250241,,0.057884100009687245
fruit,APPLE+GRAPE+PEAR=ORANGE,3,8,6,10,True,all,cadical153,1302,4404,1,2,True,True,0.03182230005040765,0.013540300074964762,,0.04536260012537241
fruit,APPLE+GRAPE+PEAR=PEACH,3,8,5,10,True,all,cadical153,1233,4249,1,2,True,True,0.0008644999470561743,0.013450599974021316,,0.01431509992107749
fruit,APPLE+GRAPE+PLUM=BANANA,3,10,6,10,True,all,cadical153,1340,4628,1,2,True,True,0.0008833999745547771,0.04215640004258603,,0.043039800017140806
fruit,APPLE+GUAVA+LEMON=MANGO,3,10,5,10,True,all,cadical153,1340,4808,1,2,True,True,0.0009317999938502908,0.04774910002015531,,0.0486809000140056
fruit,APPLE+GUAVA+MANGO=LEMON,3,10,5,10,True,all,cadical153,1340,4808,1,2,True,True,0.0008918000385165215,0.06732069991994649,,0.06821249995846301
fruit,APPLE+LEMON+MANGO=GRAPE,3,9,5,10,True,all,cadical153,1321,4691,1,2,True,True,0.0008832000894472003,0.06097839993890375,,0.06186160002835095
fruit,APPLE+LEMON+MELON=GUAVA,3,10,5,10,True,all,cadical153,1340,4808,1,2,True,True,0.0009243000531569123,0.0168710999423638,,0.01779539999552071
fruit,APPLE+LEMON+ORANGE=PAPAYA,3,10,6,10,True,all,cadical153,1443,5067,1,2,True,True,0.0010414000134915113,0.023000999819487333,,0.024042399832978845
fruit,APPLE+MANGO+MELON=GRAPE,3,9,5,10,True,all,cadical153,1321,4691,1,2,True,True,0.0008808999555185437,0.09184820007067174,,0.09272910002619028
fruit,APPLE+MELON+PLUM=ORANGE,3,10,6,10,True,all,cadical153,1340,4628,1,2,True,True,0.0011445999843999743,0.031671299948357046,,0.03281589993275702
fruit,BANANA+CHERRY+PEACH=PAPAYA,3,9,6,10,True,all,cadical153,1476,5172,1,2,True,True,0.0009528000373393297,0.024728199932724237,,0.025680999970063567
fruit,BANANA+GRAPE+PEAR=CHERRY,3,10,6,10,True,all,cadical153,1374,4732,1,2,True,True,0.0009736999636515975,0.04107179993297905,,0.042045499896630645
fruit,BANANA+GRAPE+PEAR=ORANGE,3,8,6,10,True,all,cadical153,1336,4508,1,2,True,True,0.0008453000336885452,0.022064400021918118,,0.022909700055606663
fruit,BANANA+LEMON+PEAR=ORANGE,3,10,6,10,True,all,cadical153,1374,4732,1,2,True,True,0.000964100006967783,0.07777839992195368,,0.07874249992892146
fruit,BANANA+MELON+PEAR=ORANGE,3,10,6,10,True,all,cadical153,1374,4732,1,2,True,True,0.0009765001013875008,0.07750890008173883,,0.07848540018312633
fruit,BANANA+PAPAYA+PEAR=CHERRY,3,9,6,10,True,all,cadical153,1407,4837,1,2,True,True,0.0011581999715417624,0.02198519988451153,,0.023143399856053293
fruit,BANANA+PAPAYA+PEAR=ORANGE,3,9,6,10,True,all,cadical153,1407,4837,1,2,True,True,0.0009111000690609217,0.00971040001604706,,0.010621500085107982
fruit,BANANA+PEACH+PEAR=CHERRY,3,9,6,10,True,all,cadical153,1355,4615,1,2,True,True,0.0009178000036627054,0.11255709989927709,,0.1134748999029398
fruit,CHERRY+GRAPE+PEACH=ORANGE,3,10,6,10,True,all,cadical153,1443,5067,1,2,True,True,0.0009861999424174428,0.14876719994936138,,0.14975339989177883
fruit,CHERRY+LITCHI+PEAR=PAPAYA,3,10,6,10,True,all,cadical153,1426,4954,1,2,True,True,0.0010883999057114124,0.11563680006656796,,0.11672519997227937
fruit,CHERRY+ORANGE+PEACH=PAPAYA,3,10,6,10,True,all,cadical153,1495,5289,1,2,True,True,0.000981000019237399,0.09108249994460493,,0.09206349996384233
fruit,CHERRY+PAPAYA+PEAR=LITCHI,3,10,6,10,True,all,cadical153,1426,4954,1,2,True,True,0.0009859000565484166,0.08364810014609247,,0.08463400020264089
fruit,CHERRY+PEAR+PLUM=PAPAYA,3,10,6,10,True,all,cadical153,1320,4497,1,2,True,True,0.0009189000120386481,0.008904700051061809,,0.009823600063100457
fruit,GRAPE+GUAVA+PEAR=ORANGE,3,9,6,10,True,all,cadical153,1321,4511,1,2,True,True,0.025555099942721426,0.010364099871367216,,0.03591919981408864
fruit,GRAPE+LEMON+MANGO=BANANA,3,10,6,10,True,all,cadical153,1409,4963,1,2,True,True,0.0009645000100135803,0.12848640012089163,,0.1294509001309052
fruit,GRAPE+LEMON+PLUM=ORANGE,3,10,6,10,True,all,cadical153,1340,4628,1,2,True,True,0.0009190000128000975,0.11557000002358109,,0.11648900003638119
fruit,GRAPE+MANGO+ORANGE=PAPAYA,3,9,6,10,True,all,cadical153,1424,4950,1,2,True,True,0.001105500035919249,0.03786239994224161,,0.03896789997816086
fruit,GRAPE+MELON+PLUM=ORANGE,3,10,6,10,True,all,cadical153,1340,4628,1,2,True,True,0.0011949000181630254,0.03542090009432286,,0.036615800112485886
fruit,GRAPE+ORANGE+PAPAYA=CHERRY,3,10,6,10,True,all,cadical153,1495,5289,1,2,True,True,0.0011480000102892518,0.08083849994000047,,0.08198649995028973
fruit,GRAPE+PAPAYA+PEACH=CHERRY,3,8,6,10,True,all,cadical153,1405,4843,1,2,True,True,0.0009252999443560839,0.03616140002850443,,0.037086699972860515
fruit,GUAVA+LEMON+MELON=APPLE,3,10,5,10,True,all,cadical153,1340,4808,1,2,True,True,0.000995699898339808,0.024506099987775087,,0.025501799886114895
fruit,GUAVA+MANGO+MELON=OLIVE,3,10,5,10,True,all,cadical153,1340,4808,1,2,True,True,0.0008686999790370464,0.04988710000179708,,0.050755799980834126
fruit,GUAVA+MANGO+OLIVE=LEMON,3,10,5,10,True,all,cadical153,1340,4808,1,2,True,True,0.0009737999644130468,0.04404280008748174,,0.045016600051894784
fruit,GUAVA+ORANGE+PEAR=PAPAYA,3,10,6,10,True,all,cadical153,1374,4732,1,2,True,True,0.000893999938853085,0.020893999957479537,,0.02178799989633262
fruit,LEMON+MANGO+MELON=APPLE,3,8,5,10,True,all,cadical153,1302,4584,1,2,True,True,0.0009206000249832869,0.027069199946708977,,0.027989799971692264
fruit,LEMON+MELON+OLIVE=GUAVA,3,10,5,10,True,all,cadical153,1340,4808,1,2,True,True,0.0009012999944388866,0.014392499928362668,,0.015293799922801554
fruit,LEMON+MELON+PLUM=BANANA,3,9,6,10,True,all,cadical153,1321,4511,1,2,True,True,0.0009063000325113535,0.007751299999654293,,0.008657600032165647
fruit,LEMON+PAPAYA+PEAR=ORANGE,3,10,6,10,True,all,cadical153,1374,4732,1,2,True,True,0.0008676999714225531,0.043338899966329336,,0.04420659993775189
fruit,MELON+PAPAYA+PEAR=ORANGE,3,10,6,10,True,all,cadical153,1374,4732,1,2,True,True,0.0009832000359892845,0.04218150000087917,,0.04316470003686845
fruit,MELON+PEAR+PLUM=ORANGE,3,10,6,10,True,all,cadical153,1288,4406,1,2,True,True,0.0008492000633850694,0.0038408999098464847,,0.004690099973231554
fruit,ORANGE+PAPAYA+PEAR=CHERRY,3,10,6,10,True,all,cadical153,1426,4954,1,2,True,True,0.0010312999365851283,0.1220104000531137,,0.12304169998969883
fruit,PAPAYA+PEACH+PEAR=LITCHI,3,10,6,10,True,all,cadical153,1374,4732,1,2,True,True,0.0008870000019669533,0.024911400047130883,,0.025798400049097836
fruit,PAPAYA+PEAR+PLUM=CHERRY,3,10,6,10,True,all,cadical153,1320,4497,1,2,True,True,0.0009057000279426575,0.006660899962298572,,0.0075665999902412295
instr,BANJO+GONG=ORGAN,2,7,5,10,True,all,cadical153,872,2508,1,2,True,True,0.0005140999564900994,0.002617900026962161,,0.0031319999834522605
instr,BANJO+VIOLA=VIOLIN,2,8,6,10,True,all,cadical153,1009,2965,1,2,True,True,0.0005836000200361013,0.0010307999327778816,,0.001614399952813983
instr,BELL+FLUTE=VIOLIN,2,10,6,10,True,all,cadical153,998,2984,1,2,True,True,0.023008600110188127,0.0018984000198543072,,0.024907000130042434
instr,BELL+GONG=BANJO,2,8,5,10,True,all,cadical153,859,2514,1,2,True,True,0.0005934999790042639,0.003780200146138668,,0.004373700125142932
instr,BELL+LYRE=BANJO,2,9,5,10,True,all,cadical153,878,2621,1,2,True,True,0.0005288999527692795,0.002421999932266772,,0.0029508998850360513
instr,BELL+PICCOLO=PANPIPE,2,9,7,10,True,all,cadical153,1112,3204,1,2,True,True,0.0006275000050663948,0.005547799984924495,,0.00617529998999089
instr,CELLO+CORNET=VIOLIN,2,9,6,10,True,all,cadical153,1060,3163,1,2,True,True,0.000650899950414896,0.022570100030861795,,0.02322099998127669
instr,CELLO+HORN=ZITHER,2,10,6,10,True,all,cadical153,998,2984,1,2,True,True,0.0005837000207975507,0.004996700095944107,,0.005580400116741657
instr,CELLO+PICCOLO=BAGPIPE,2,9,7,10,True,all,cadical153,1161,3409,1,2,True,True,0.0006696999771520495,0.0019487999379634857,,0.0026184999151155353
instr,CELLO+PICCOLO=TRUMPET,2,10,7,10,True,all,cadical153,1180,3526,1,2,True,True,0.0006911000236868858,0.0022886000806465745,,0.0029797001043334603
instr,CORNET+PANPIPE=PICCOLO,2,10,7,10,True,all,cadical153,1229,3731,1,2,True,True,0.0007158999796956778,0.02765409997664392,,0.028369999956339598
instr,DRUM+LYRE=CELLO,2,9,5,10,True,all,cadical153,878,2621,1,2,True,True,0.000736100017093122,0.009303600061684847,,0.010039700078777969
instr,FLUTE+GONG=CORNET,2,10,6,10,True,all,cadical153,998,2984,1,2,True,True,0.0006158999167382717,0.0031297000823542476,,0.0037455999990925193
instr,GONG+ORGAN=BANJO,2,7,5,10,True,all,cadical153,872,2508,1,2,True,True,0.0006754000205546618,0.00405799993313849,,0.0047333999536931515
instr,GONG+ORGAN=ZITHER,2,10,6,10,True,all,cadical153,998,2984,1,2,True,True,0.0006962999468669295,0.0016329999780282378,,0.0023292999248951674
instr,GONG+TAIKO=VIOLIN,2,9,6,10,True,all,cadical153,979,2867,1,2,True,True,0.000620800070464611,0.0012356999795883894,,0.0018565000500530005
instr,GUITAR+TRUMPET=TIMPANI,2,10,7,10,True,all,cadical153,1229,3731,1,2,True,True,0.0007310000946745276,0.011776600033044815,,0.012507600127719343
instr,HORN+TAIKO=GUITAR,2,10,6,10,True,all,cadical153,998,2984,1,2,True,True,0.0005914999637752771,0.0029830001294612885,,0.0035745000932365656
instr,KOTO+TAIKO=GUITAR,2,8,6,10,True,all,cadical153,960,2760,1,2,True,True,0.0005768999690189958,0.004379200050607324,,0.004956100019626319
instr,ORGAN+PANPIPE=PICCOLO,2,10,7,10,True,all,cadical153,1180,3526,1,2,True,True,0.0006736000068485737,0.041531399940140545,,0.04220499994698912
instr,ORGAN+TAIKO=GUITAR,2,9,6,10,True,all,cadical153,1028,3072,1,2,True,True,0.0006147000240162015,0.011364999925717711,,0.011979699949733913
instr,PICCOLO+VIOLIN=PANPIPE,2,9,7,10,True,all,cadical153,1210,3614,1,2,True,True,0.0007675000233575702,0.012120800092816353,,0.012888300116173923
instr,BAGPIPE+BUGLE+CELLO=PICCOLO,3,10,7,10,True,all,cadical153,1544,5313,1,2,True,True,0.0009850000496953726,0.008691399940289557,,0.00967639998998493
instr,BANJO+BELL+CELLO=VIOLIN,3,10,6,10,True,all,cadical153,1340,4628,1,2,True,True,0.0008924000430852175,0.02538699994329363,,0.02627939998637885
instr,BANJO+BELL+GONG=VIOLIN,3,10,6,10,True,all,cadical153,1288,4406,1,2,True,True,0.0008178999414667487,0.011908199987374246,,0.012726099928840995
instr,BANJO+GONG+ORGAN=CORNET,3,10,6,10,True,all,cadical153,1340,4628,1,2,True,True,0.0008972999639809132,0.018100899993442,,0.018998199957422912
instr,BANJO+GONG+TUBA=GUITAR,3,10,6,10,True,all,cadical153,1288,4406,1,2,True,True,0.0008382999803870916,0.00779159995727241,,0.008629899937659502
instr,BANJO+PANPIPE+PIANO=PICCOLO,3,10,7,10,True,all,cadical153,1544,5313,1,2,True,True,0.0010458000469952822,0.048223900026641786,,0.04926970007363707
instr,BELL+BUGLE+CELLO=CORNET,3,10,6,10,True,all,cadical153,1340,4628,1,2,True,True,0.0009200999047607183,0.006935899960808456,,0.007855999865569174
instr,BELL+BUGLE+FLUTE=GUITAR,3,10,6,10,True,all,cadical153,1340,4628,1,2,True,True,0.0008866999996826053,0.025702999904751778,,0.026589699904434383
instr,BELL+BUGLE+FUE=FLUTE,3,7,5,10,True,all,cadical153,1093,3595,1,2,True,True,0.0007468999829143286,0.006187799968756735,,0.006934699951671064
instr,BELL+BUGLE+GONG=VIOLIN,3,9,6,10,True,all,cadical153,1269,4289,1,2,True,True,0.0008533000946044922,0.005449200049042702,,0.006302500143647194
instr,BELL+BUGLE+OBOE=CELLO,3,7,5,10,True,all,cadical153,1162,3930,1,2,True,True,0.0007326999912038445,0.00514130003284663,,0.005874000024050474
instr,BELL+BUGLE+TUBA=GUITAR,3,9,6,10,True,all,cadical153,1269,4289,1,2,True,True,0.0008487000595778227,0.003071900107897818,,0.003920600167475641
instr,BELL+BUGLE+VIOLA=VIOLIN,3,10,6,10,True,all,cadical153,1340,4628,1,2,True,True,0.0008384999819099903,0.005607299972325563,,0.006445799954235554
instr,BELL+FLUTE+FUE=CORNET,3,10,6,10,True,all,cadical153,1219,4071,1,2,True,True,0.0008092999923974276,0.014467200031504035,,0.015276500023901463
instr,BELL+FLUTE+FUE=ZITHER,3,10,6,10,True,all,cadical153,1219,4071,1,2,True,True,0.0007711000507697463,0.015262999921105802,,0.01603409997187555
instr,BELL+FLUTE+OBOE=CELLO,3,8,5,10,True,all,cadical153,1181,4027,1,2,True,True,0.0007664000149816275,0.016431999974884093,,0.01719839998986572
instr,BELL+OBOE+PIANO=VIOLIN,3,9,6,10,True,all,cadical153,1269,4289,1,2,True,True,0.0008662999607622623,0.0028050000546500087,,0.003671300015412271
instr,BELL+OBOE+PICCOLO=PANPIPE,3,9,7,10,True,all,cadical153,1402,4626,1,2,True,True,0.0008639000589028001,0.025036800070665777,,0.025900700129568577
instr,BELL+PANPIPE+PICCOLO=BASSOON,3,10,7,10,True,all,cadical153,1581,5435,1,2,True,True,0.0010065999813377857,0.028060599928721786,,0.02906719991005957
instr,BELL+PANPIPE+VIOLIN=BASSOON,3,10,7,10,True,all,cadical153,1529,5213,1,2,True,True,0.027089999988675117,0.05645529995672405,,0.08354529994539917
instr,BELL+PIANO+PICCOLO=PANPIPE,3,9,7,10,True,all,cadical153,1456,4861,1,2,True,True,0.0009307999862357974,0.06715639994945377,,0.06808719993568957
instr,BELL+PIANO+VIOLA=VIOLIN,3,9,6,10,True,all,cadical153,1321,4511,1,2,True,True,0.0010143999243155122,0.007459699991159141,,0.008474099915474653
instr,BUGLE+FLUTE+TUBA=GUITAR,3,10,6,10,True,all,cadical153,1340,4628,1,2,True,True,0.0008412000024691224,0.017758000059984624,,0.018599200062453747
instr,BUGLE+GONG+OBOE=VIOLIN,3,9,6,10,True,all,cadical153,1269,4289,1,2,True,True,0.0008736000163480639,0.00637959991581738,,0.007253199932165444
instr,CELLO+FLUTE+FUE=CORNET,3,9,6,10,True,all,cadical153,1252,4176,1,2,True,True,0.00076299998909235,0.009678400005213916,,0.010441399994306266
instr,CELLO+FLUTE+GONG=CORNET,3,10,6,10,True,all,cadical153,1340,4628,1,2,True,True,0.0008349999552592635,0.0202255001058802,,0.021060500061139464
instr,CELLO+FLUTE+HORN=CORNET,3,10,6,10,True,all,cadical153,1340,4628,1,2,True,True,0.0009065999183803797,0.028605800005607307,,0.029512399923987687
instr,CELLO+GONG+PICCOLO=PANPIPE,3,9,7,10,True,all,cadical153,1456,4861,1,2,True,True,0.000896700075827539,0.054316500085406005,,0.055213200161233544
instr,CELLO+HORN+PICCOLO=PANPIPE,3,10,7,10,True,all,cadical153,1475,4978,1,2,True,True,0.0009266000706702471,0.03720770007930696,,0.03813430014997721
instr,CELLO+HORN+ZITHER=CORNET,3,10,6,10,True,all,cadical153,1374,4732,1,2,True,True,0.000963800004683435,0.13713229994755238,,0.13809609995223582
instr,CELLO+KOTO+PANPIPE=PICCOLO,3,10,7,10,True,all,cadical153,1475,4978,1,2,True,True,0.0010127000277861953,0.0335821999469772,,0.03459489997476339
instr,CELLO+KOTO+VIOLIN=CORNET,3,10,6,10,True,all,cadical153,1374,4732,1,2,True,True,0.0009609999833628535,0.03598239994607866,,0.03694339992944151
instr,CELLO+LYRE+VIOLIN=CORNET,3,10,6,10,True,all,cadical153,1374,4732,1,2,True,True,0.00092739996034652,0.16508979990612715,,0.16601719986647367
instr,CELLO+OBOE+PICCOLO=PANPIPE,3,9,7,10,True,all,cadical153,1456,4861,1,2,True,True,0.001093599945306778,0.010149400099180639,,0.011243000044487417
instr,CELLO+OBOE+VIOLIN=CORNET,3,10,6,10,True,all,cadical153,1374,4732,1,2,True,True,0.0009391999337822199,0.030102799995802343,,0.031041999929584563
instr,CELLO+ORGAN+PICCOLO=PANPIPE,3,10,7,10,True,all,cadical153,1544,5313,1,2,True,True,0.001074099913239479,0.07293480006046593,,0.07400889997370541
instr,CELLO+PANPIPE+PIANO=PICCOLO,3,8,7,10,True,all,cadical153,1506,5089,1,2,True,True,0.0009827000321820378,0.050898500019684434,,0.05188120005186647
instr,CELLO+PIANO+PICCOLO=PANPIPE,3,8,7,10,True,all,cadical153,1506,5089,1,2,True,True,0.000998100033029914,0.04447230009827763,,0.04547040013130754
instr,DORA+KOTO+TAIKO=GUITAR,3,9,6,10,True,all,cadical153,1269,4289,1,2,True,True,0.00080289994366467,0.003873600042425096,,0.004676499986089766
instr,DORA+KOTO+TAIKO=VIOLIN,3,10,6,10,True,all,cadical153,1288,4406,1,2,True,True,0.0008398001082241535,0.005956500070169568,,0.006796300178393722
instr,DORA+KOTO+TAIKO=ZITHER,3,10,6,10,True,all,cadical153,1288,4406,1,2,True,True,0.0008003000402823091,0.007044499856419861,,0.00784479989670217
instr,DORA+ORGAN+PIANO=VIOLIN,3,10,6,10,True,all,cadical153,1340,4628,1,2,True,True,0.0008486999431625009,0.01994400005787611,,0.02079270000103861
instr,FLUTE+FUE+KOTO=VIOLIN,3,10,6,10,True,all,cadical153,1219,4071,1,2,True,True,0.0007416000589728355,0.003862599958665669,,0.0046042000176385045
instr,FLUTE+FUE+LYRE=CORNET,3,10,6,10,True,all,cadical153,1219,4071,1,2,True,True,0.029308199998922646,0.0031179001089185476,,0.032426100107841194
instr,FLUTE+FUE+LYRE=ZITHER,3,10,6,10,True,all,cadical153,1219,4071,1,2,True,True,0.0008103000000119209,0.002631500014103949,,0.00344180001411587
instr,GONG+HARP+ORGAN=VIOLIN,3,10,6,10,True,all,cadical153,1288,4406,1,2,True,True,0.0009250000584870577,0.009684399934485555,,0.010609399992972612
instr,GONG+HARP+PIANO=VIOLIN,3,10,6,10,True,all,cadical153,1288,4406,1,2,True,True,0.0008438000222668052,0.005218100151978433,,0.006061900174245238
instr,GONG+HORN+TAIKO=GUITAR,3,10,6,10,True,all,cadical153,1288,4406,1,2,True,True,0.0010201999684795737,0.010195599985308945,,0.011215799953788519
instr,GONG+KOTO+TAIKO=GUITAR,3,9,6,10,True,all,cadical153,1269,4289,1,2,True,True,0.0008058999665081501,0.0036546000046655536,,0.004460499971173704
instr,GONG+ORGAN+PIANO=VIOLIN,3,9,6,10,True,all,cadical153,1321,4511,1,2,True,True,0.001046299934387207,0.03123949992004782,,0.03228579985443503
instr,GONG+ORGAN+PICCOLO=PANPIPE,3,10,7,10,True,all,cadical153,1475,4978,1,2,True,True,0.0009744999697431922,0.0608953001210466,,0.061869800090789795
instr,GONG+ORGAN+VIOLA=GUITAR,3,10,6,10,True,all,cadical153,1340,4628,1,2,True,True,0.000968499924056232,0.009331299923360348,,0.01029979984741658
instr,GONG+ORGAN+VIOLA=VIOLIN,3,8,6,10,True,all,cadical153,1302,4404,1,2,True,True,0.0008256000000983477,0.005510400049388409,,0.006336000049486756
instr,GONG+PIANO+PICCOLO=PANPIPE,3,9,7,10,True,all,cadical153,1456,4861,1,2,True,True,0.0009828000329434872,0.03391869994811714,,0.034901499981060624
instr,GONG+PIANO+TAIKO=GUITAR,3,10,6,10,True,all,cadical153,1340,4628,1,2,True,True,0.0008972000796347857,0.01856559992302209,,0.019462800002656877
instr,GONG+PICCOLO+VIOLA=PANPIPE,3,10,7,10,True,all,cadical153,1475,4978,1,2,True,True,0.001046899938955903,0.04525239986833185,,0.04629929980728775
instr,HARP+HORN+PIANO=GUITAR,3,10,6,10,True,all,cadical153,1288,4406,1,2,True,True,0.0008626999333500862,0.006399999954737723,,0.007262699888087809
instr,HARP+HORN+PIANO=ORGAN,3,8,5,10,True,all,cadical153,1181,4027,1,2,True,True,0.0008209999650716782,0.005666499957442284,,0.006487499922513962
instr,HARP+HORN+PICCOLO=PANPIPE,3,10,7,10,True,all,cadical153,1421,4743,1,2,True,True,0.0008782000513747334,0.007339300005696714,,0.008217500057071447
instr,HARP+KOTO+TAIKO=GUITAR,3,10,6,10,True,all,cadical153,1288,4406,1,2,True,True,0.0008961999556049705,0.012386599788442254,,0.013282799744047225
instr,HARP+PANPIPE+PIANO=PICCOLO,3,10,7,10,True,all,cadical153,1475,4978,1,2,True,True,0.0009467999916523695,0.022414600010961294,,0.023361400002613664
instr,HARP+TIMPANI+ZITHER=PANPIPE,3,10,7,10,True,all,cadical153,1529,5213,1,2,True,True,0.0010180999524891376,0.03540170006453991,,0.03641980001702905
instr,HORN+KOTO+TAIKO=ZITHER,3,10,6,10,True,all,cadical153,1288,4406,1,2,True,True,0.0008486999431625009,0.011245799949392676,,0.012094499892555177
instr,KOTO+OBOE+TAIKO=GUITAR,3,10,6,10,True,all,cadical153,1288,4406,1,2,True,True,0.0008737000171095133,0.016306099947541952,,0.017179799964651465
instr,KOTO+ORGAN+PIANO=GUITAR,3,10,6,10,True,all,cadical153,1340,4628,1,2,True,True,0.0008722000056877732,0.027096700039692223,,0.027968900045379996
instr,KOTO+PIANO+TAIKO=GUITAR,3,10,6,10,True,all,cadical153,1340,4628,1,2,True,True,0.029414899996481836,0.07140539993997663,,0.10082029993645847
instr,KOTO+PIANO+TIMPANI=BASSOON,3,10,7,10,True,all,cadical153,1475,4978,1,2,True,True,0.0009504000190645456,0.009981999872252345,,0.01093239989131689
instr,KOTO+TAIKO+TUBA=GUITAR,3,9,6,10,True,all,cadical153,1269,4289,1,2,True,True,0.0008677000878378749,0.0038750999374315143,,0.004742800025269389
instr,OBOE+PANPIPE+VIOLIN=BASSOON,3,10,7,10,True,all,cadical153,1529,5213,1,2,True,True,0.0009438999695703387,0.026690600090660155,,0.027634500060230494
instr,PANPIPE+PIANO+PICCOLO=BAGPIPE,3,10,7,10,True,all,cadical153,1650,5770,1,2,True,True,0.0011195000261068344,0.00970299995969981,,0.010822499985806644
instr,PANPIPE+PIANO+VIOLIN=PICCOLO,3,9,7,10,True,all,cadical153,1579,5431,1,2,True,True,0.0010897000320255756,0.1682125999359414,,0.16930229996796697
instr,PIANO+TUBA+VIOLA=VIOLIN,3,10,6,10,True,all,cadical153,1340,4628,1,2,True,True,0.0008944000583142042,0.006289200042374432,,0.007183600100688636
instr,PICCOLO+VIOLA+VIOLIN=PANPIPE,3,9,7,10,True,all,cadical153,1579,5431,1,2,True,True,0.001062600058503449,0.05034670000895858,,0.05140930006746203
instr,PICCOLO+VIOLA+VIOLIN=TIMPANI,3,10,7,10,True,all,cadical153,1598,5548,1,2,True,True,0.0010336999548599124,0.05598509998526424,,0.057018799940124154
it-num,TRE+CINQUE+CINQUE=TREDICI,3,9,7,10,True,all,cadical153,1407,4657,1,2,True,True,0.0009428000776097178,0.004099900019355118,,0.005042700096964836
it-num,CINQUE+CINQUE+SEI=SEDICI,3,8,6,10,True,all,cadical153,1319,4395,1,2,True,True,0.0008049000753089786,0.005131400073878467,,0.005936300149187446
it-num,ZERO+UNO+TRE+TRE=SETTE,4,8,5,10,True,all,cadical153,1304,4829,1,2,True,True,0.0009261999512091279,0.004860799992457032,,0.00578699994366616
it-num,ZERO+UNO+CINQUE+CINQUE=UNDICI,4,10,6,10,True,all,cadical153,1713,6474,1,2,True,True,0.0013574999757111073,0.0222034000325948,,0.023560900008305907
it-num,ZERO+DIECI+DIECI+DIECI=TRENTA,4,10,6,10,True,all,cadical153,1788,6966,1,2,True,True,0.0012398000108078122,0.04690810001920909,,0.0481479000300169
it-num,UNO+CINQUE+CINQUE+CINQUE=SEDICI,4,9,6,10,True,all,cadical153,1842,7089,1,2,True,True,0.0014066000003367662,0.021539400098845363,,0.02294600009918213
it-num,DUE+DUE+CINQUE+SETTE=SEDICI,4,9,6,10,True,all,cadical153,1566,5756,1,2,True,True,0.0011758999899029732,0.005271299974992871,,0.0064471999648958445
it-num,DUE+SETTE+DIECI+UNDICI=TRENTA,4,10,6,10,True,all,cadical153,1735,6618,1,2,True,True,0.0014278999296948314,0.08858079998753965,,0.09000869991723448
it-num,TRE+TRE+DODICI+DODICI=TRENTA,4,9,6,10,True,all,cadical153,1618,5978,1,2,True,True,0.0011572999646887183,0.022888100007548928,,0.024045399972237647
it-num,TRE+SEI+DIECI+UNDICI=TRENTA,4,10,6,10,True,all,cadical153,1585,5873,1,2,True,True,0.032394499983638525,0.09866759995929897,,0.1310620999429375
it-num,CINQUE+DIECI+DIECI+QUINDICI=QUARANTA,4,10,8,10,True,all,cadical153,2171,8288,1,2,True,True,0.0017117999959737062,0.060851900023408234,,0.06256370001938194
it-num,SEI+SEI+OTTO+DIECI=TRENTA,4,10,6,10,True,all,cadical153,1499,5547,1,2,True,True,0.0010405000066384673,0.006394000141881406,,0.007434500148519874
it-num,ZERO+ZERO+UNO+CINQUE+CINQUE=UNDICI,5,10,6,10,True,all,cadical153,2153,8879,1,2,True,True,0.001578599913045764,0.051564899971708655,,0.05314349988475442
it-num,ZERO+DUE+DUE+TRE+TRE=DIECI,5,9,5,10,True,all,cadical153,1663,6805,1,2,True,True,0.0012529999949038029,0.008027399890124798,,0.0092803998850286
it-num,ZERO+TRE+TRE+QUATTRO+OTTANTA=NOVANTA,5,10,7,10,True,all,cadical153,2212,8850,1,2,True,True,0.0015722999814897776,0.06737229996360838,,0.06894459994509816
it-num,ZERO+SEI+SETTE+OTTO+NOVE=TRENTA,5,10,6,10,True,all,cadical153,2011,8305,1,2,True,True,0.0018103000475093722,0.030382500030100346,,0.03219280007760972
it-num,UNO+UNO+DUE+CINQUE+SETTE=SEDICI,5,10,6,10,True,all,cadical153,1927,7755,1,2,True,True,0.0015306000132113695,0.057777400012128055,,0.059308000025339425
it-num,UNO+UNO+OTTO+OTTO+DODICI=TRENTA,5,10,6,10,True,all,cadical153,1949,7899,1,2,True,True,0.0016344001051038504,0.01605490001384169,,0.01768930011894554
it-num,UNO+UNO+OTTO+DIECI+DIECI=TRENTA,5,10,6,10,True,all,cadical153,1971,8043,1,2,True,True,0.0015552000841125846,0.040903400047682226,,0.04245860013179481
it-num,UNO+DUE+TRE+DODICI+DODICI=TRENTA,5,10,6,10,True,all,cadical153,1979,7977,1,2,True,True,0.0017081999685615301,0.04506000003311783,,0.04676820000167936
it-num,UNO+TRE+OTTO+OTTO+DIECI=TRENTA,5,10,6,10,True,all,cadical153,1917,7808,1,2,True,True,0.0018275000620633364,0.014051400008611381,,0.015878900070674717
it-num,UNO+SETTE+SETTE+SETTE+OTTO=TRENTA,5,8,6,10,True,all,cadical153,2103,8695,1,2,True,True,0.0022007999941706657,0.009996300097554922,,0.012197100091725588
it-num,DUE+DUE+TRE+UNDICI+DODICI=TRENTA,5,10,6,10,True,all,cadical153,1979,7977,1,2,True,True,0.028191599994897842,0.08285160013474524,,0.11104320012964308
it-num,DUE+DUE+CINQUE+DIECI+UNDICI=TRENTA,5,10,6,10,True,all,cadical153,2133,8748,1,2,True,True,0.0015858999686315656,0.2012123999884352,,0.20279829995706677
it-num,DUE+DUE+DIECI+UNDICI+QUINDICI=QUARANTA,5,10,8,10,True,all,cadical153,2337,9253,1,2,True,True,0.0028364999452605844,0.03896179993171245,,0.04179829987697303
it-num,DUE+TRE+CINQUE+DIECI+DIECI=TRENTA,5,10,6,10,True,all,cadical153,2079,8513,1,2,True,True,0.0015154000138863921,0.10467199992854148,,0.10618739994242787
it-num,CINQUE+CINQUE+SEI+SETTE+SETTE=TRENTA,5,10,6,10,True,all,cadical153,2327,9781,1,2,True,True,0.002279300009831786,0.06760870001744479,,0.06988800002727658
it-num,CINQUE+SEI+SEI+SEI+SETTE=TRENTA,5,10,6,10,True,all,cadical153,1927,7755,1,2,True,True,0.0013761000009253621,0.06602869997732341,,0.06740479997824878
it-num,OTTO+NOVE+TREDICI+VENTI+TRENTA=OTTANTA,5,10,7,10,True,all,cadical153,2443,10125,1,2,True,True,0.005323200020939112,0.054849799955263734,,0.060172999976202846
it-num,OTTO+DIECI+DODICI+TRENTA+TRENTA=NOVANTA,5,10,7,10,True,all,cadical153,2579,10897,1,2,True,True,0.002214799984358251,0.05860350001603365,,0.0608183000003919
it-num,VENTI+VENTI+VENTI+VENTI+VENTI=CENTO,5,7,5,10,True,all,cadical153,2325,10117,1,2,True,True,0.002017199993133545,0.007830299902707338,,0.009847499895840883
it-num,UNO+DUE+TRE+OTTO+UNDICI+DODICI+TREDICI+TRENTA=OTTANTA,8,10,7,10,True,all,cadical153,4134,19769,1,2,True,True,0.030238699982874095,0.3677903999341652,,0.3980290999170393
japan,HAIKU+SUSHI=KIMONO,2,9,6,10,True,all,cadical153,1028,3072,1,2,True,True,0.000865599955432117,0.006232100073248148,,0.007097700028680265
japan,HAIKU+TOKYO=KARATE,2,10,6,10,True,all,cadical153,1047,3189,1,2,True,True,0.0006358999526128173,0.005313199944794178,,0.005949099897406995
japan,JAPAN+NARA=KIMONO,2,9,6,10,True,all,cadical153,979,2867,1,2,True,True,0.000588799943216145,0.0032064999686554074,,0.0037952999118715525
japan,KENDO+KIMONO=SASHIMI,2,10,7,10,True,all,cadical153,1148,3435,1,2,True,True,0.0007760999724268913,0.0012141999322921038,,0.001990299904718995
japan,KYOTO+OSAKA=TOKYO,2,6,5,10,True,all,cadical153,902,2626,1,2,True,True,0.0005375000182539225,0.0021397999953478575,,0.00267730001360178
japan,NARA+SAKE=NIKKO,2,8,5,10,True,all,cadical153,859,2514,1,2,True,True,0.0006180000491440296,0.0014946000883355737,,0.0021126001374796033
japan,NIKKO+TOKYO=KARATE,2,9,6,10,True,all,cadical153,1028,3072,1,2,True,True,0.0006771000334993005,0.003281300072558224,,0.003958400106057525
japan,OSAKA+SAKE=KYOTO,2,7,5,10,True,all,cadical153,872,2508,1,2,True,True,0.0005381000228226185,0.001538399956189096,,0.0020764999790117145
japan,GO+HAIKU+OSAKA=KIMONO,3,10,6,10,True,all,cadical153,1202,3958,1,2,True,True,0.0009156001033261418,0.009289699955843389,,0.010205300059169531
japan,GO+KOBE+OSAKA=KENDO,3,9,5,10,True,all,cadical153,1062,3464,1,2,True,True,0.0006635000463575125,0.006362200016155839,,0.0070257000625133514
japan,GO+KYOTO+SHOGI=TOKYO,3,8,5,10,True,all,cadical153,1095,3579,1,2,True,True,0.00069169991184026,0.008700900012627244,,0.009392599924467504
japan,GO+KYOTO+TOKYO=OSAKA,3,7,5,10,True,all,cadical153,1076,3482,1,2,True,True,0.000989499967545271,0.004411799949593842,,0.005401299917139113
japan,GO+NIKKO+SUSHI=KIMONO,3,9,6,10,True,all,cadical153,1183,3841,1,2,True,True,0.000866799964569509,0.004214600077830255,,0.005081400042399764
japan,GO+NIKKO+TOKYO=KARATE,3,10,6,10,True,all,cadical153,1202,3958,1,2,True,True,0.0009289999725297093,0.0072462999960407615,,0.00817529996857047
japan,GO+OSAKA+SAKE=NIKKO,3,8,5,10,True,all,cadical153,1043,3357,1,2,True,True,0.0006440000142902136,0.007087700068950653,,0.007731700083240867
japan,GO+OSAKA+TOKYO=KYOTO,3,7,5,10,True,all,cadical153,1076,3482,1,2,True,True,0.0007171999895945191,0.004171099863015115,,0.004888299852609634
japan,HAIKU+JAPAN+NIKKO=SUSHI,3,10,5,10,True,all,cadical153,1340,4808,1,2,True,True,0.0008959000697359443,0.07492709986399859,,0.07582299993373454
japan,HAIKU+KENDO+NIKKO=OSAKA,3,10,5,10,True,all,cadical153,1340,4808,1,2,True,True,0.0009722999529913068,0.01762069994583726,,0.018592999898828566
japan,HAIKU+KIMONO+SUSHI=SASHIMI,3,9,7,10,True,all,cadical153,1493,5105,1,2,True,True,0.0009537000441923738,0.004063399974256754,,0.005017100018449128
japan,HAIKU+KYOTO+OSAKA=SUSHI,3,9,5,10,True,all,cadical153,1321,4691,1,2,True,True,0.0008859999943524599,0.03909990005195141,,0.03998590004630387
japan,HAIKU+KYOTO+SUSHI=TOKYO,3,9,5,10,True,all,cadical153,1321,4691,1,2,True,True,0.0009025000035762787,0.025640100007876754,,0.026542600011453032
japan,HAIKU+KYOTO+TOKYO=SHOGI,3,10,5,10,True,all,cadical153,1340,4808,1,2,True,True,0.000954899936914444,0.03199089993722737,,0.03294579987414181
japan,HAIKU+NARA+NIKKO=KIMONO,3,9,6,10,True,all,cadical153,1321,4511,1,2,True,True,0.0008942000567913055,0.017573699937202036,,0.018467899993993342
japan,HAIKU+NIKKO+SUSHI=KENDO,3,10,5,10,True,all,cadical153,1340,4808,1,2,True,True,0.0010047999676316977,0.02391790004912764,,0.024922700016759336
japan,HAIKU+NIKKO+SUSHI=KIMONO,3,9,6,10,True,all,cadical153,1390,4846,1,2,True,True,0.0009337000083178282,0.022091899998486042,,0.02302560000680387
japan,HAIKU+OSAKA+SUSHI=JAPAN,3,10,5,10,True,all,cadical153,1340,4808,1,2,True,True,0.0009680999210104346,0.04031169996596873,,0.04127979988697916
japan,HAIKU+OSAKA+TOKYO=KYOTO,3,9,5,10,True,all,cadical153,1321,4691,1,2,True,True,0.0009147999808192253,0.013310499954968691,,0.014225299935787916
japan,HAIKU+OSAKA+TOKYO=SUSHI,3,9,5,10,True,all,cadical153,1321,4691,1,2,True,True,0.0009077000431716442,0.022831799928098917,,0.02373949997127056
japan,HAIKU+SHOGI+SUSHI=TOKYO,3,10,5,10,True,all,cadical153,1340,4808,1,2,True,True,0.0009187000105157495,0.03882360004354268,,0.03974230005405843
japan,HAIKU+SUSHI+TOKYO=KYOTO,3,9,5,10,True,all,cadical153,1321,4691,1,2,True,True,0.0009284999687224627,0.03111939993686974,,0.0320478999055922
japan,JAPAN+KENDO+NARA=KARATE,3,10,6,10,True,all,cadical153,1340,4628,1,2,True,True,0.0008885000133886933,0.005518099991604686,,0.006406600004993379
japan,JAPAN+KOBE+NIKKO=KIMONO,3,10,6,10,True,all,cadical153,1340,4628,1,2,True,True,0.0008888000156730413,0.01840439985971898,,0.01929319987539202
japan,JAPAN+KYOTO+NIKKO=KIMONO,3,10,6,10,True,all,cadical153,1409,4963,1,2,True,True,0.0010267000179737806,0.012484399951063097,,0.013511099969036877
japan,JAPAN+KYOTO+TOKYO=OSAKA,3,9,5,10,True,all,cadical153,1321,4691,1,2,True,True,0.00094369996804744,0.03132840013131499,,0.03227210009936243
japan,JAPAN+NIKKO+TOKYO=KYOTO,3,9,5,10,True,all,cadical153,1321,4691,1,2,True,True,0.0009195000166073442,0.012412599986419082,,0.013332100003026426
japan,JAPAN+OSAKA+SUSHI=NIKKO,3,10,5,10,True,all,cadical153,1340,4808,1,2,True,True,0.0009891000809147954,0.055030600051395595,,0.05601970013231039
japan,JUDO+KENDO+SUSHI=NIKKO,3,10,5,10,True,all,cadical153,1271,4473,1,2,True,True,0.000897300080396235,0.061842399998568,,0.06273970007896423
japan,KARAOKE+KARATE+KYOTO=TEMPURA,3,10,7,10,True,all,cadical153,1598,5548,1,2,True,True,0.0016009999671950936,0.006655599921941757,,0.00825659988913685
japan,KARAOKE+KARATE+OSAKA=TEMPURA,3,10,7,10,True,all,cadical153,1598,5548,1,2,True,True,0.0012217999901622534,0.009402099996805191,,0.010623899986967444
japan,KARATE+KYOTO+NARA=KIMONO,3,10,6,10,True,all,cadical153,1374,4732,1,2,True,True,0.028714700019918382,0.013011000002734363,,0.041725700022652745
japan,KENDO+KIMONO+NIKKO=SASHIMI,3,10,7,10,True,all,cadical153,1512,5222,1,2,True,True,0.001110499957576394,0.002607200061902404,,0.003717700019478798
japan,KENDO+KYOTO+TOKYO=KARATE,3,9,6,10,True,all,cadical153,1390,4846,1,2,True,True,0.0008634999394416809,0.006298299995251,,0.007161799934692681
japan,KENDO+NIKKO+OSAKA=SHOGI,3,10,5,10,True,all,cadical153,1340,4808,1,2,True,True,0.0009926999919116497,0.01224420010112226,,0.01323690009303391
japan,KENDO+OSAKA+SAKE=KIMONO,3,9,6,10,True,all,cadical153,1321,4511,1,2,True,True,0.0008607999188825488,0.004408600041642785,,0.005269399960525334
japan,KENDO+OSAKA+SUSHI=HAIKU,3,10,5,10,True,all,cadical153,1340,4808,1,2,True,True,0.0009581999620422721,0.031689399969764054,,0.032647599931806326
japan,KIMONO+OSAKA+SASHIMI=KARAOKE,3,10,7,10,True,all,cadical153,1598,5548,1,2,True,True,0.0010285000316798687,0.023055700003169477,,0.024084200034849346
japan,KOBE+KYOTO+TOKYO=KIMONO,3,9,6,10,True,all,cadical153,1321,4511,1,2,True,True,0.0009726999560371041,0.0015796000370755792,,0.0025522999931126833
japan,KOBE+OSAKA+TOKYO=KYOTO,3,8,5,10,True,all,cadical153,1233,4249,1,2,True,True,0.0007825000211596489,0.011597599950619042,,0.01238009997177869
japan,KYOTO+NARA+TOKYO=KIMONO,3,9,6,10,True,all,cadical153,1321,4511,1,2,True,True,0.0009142999770119786,0.0036199999740347266,,0.004534299951046705
japan,KYOTO+NIKKO+TOKYO=SUSHI,3,9,5,10,True,all,cadical153,1321,4691,1,2,True,True,0.000938400044105947,0.008642600034363568,,0.009581000078469515
japan,KYOTO+OSAKA+SHOGI=TOKYO,3,9,5,10,True,all,cadical153,1321,4691,1,2,True,True,0.0010363999754190445,0.011138899950310588,,0.012175299925729632
japan,KYOTO+OSAKA+TOKYO=HAIKU,3,9,5,10,True,all,cadical153,1321,4691,1,2,True,True,0.0009777999948710203,0.022752700024284422,,0.023730500019155443
japan,KYOTO+SHOGI+TOKYO=HAIKU,3,10,5,10,True,all,cadical153,1340,4808,1,2,True,True,0.0009920999873429537,0.03939419996459037,,0.040386299951933324
japan,KYOTO+SHOGI+TOKYO=NIKKO,3,9,5,10,True,all,cadical153,1321,4691,1,2,True,True,0.0009127999655902386,0.008561800001189113,,0.009474599966779351
japan,NARA+NIKKO+SAKE=KIMONO,3,9,6,10,True,all,cadical153,1269,4289,1,2,True,True,0.0011742000933736563,0.0018573000561445951,,0.0030315001495182514
japan,NIKKO+OSAKA+SUSHI=HAIKU,3,8,5,10,True,all,cadical153,1302,4584,1,2,True,True,0.0009455999825149775,0.0239086999790743,,0.024854299961589277
japan,NIKKO+OSAKA+SUSHI=JAPAN,3,10,5,10,True,all,cadical153,1340,4808,1,2,True,True,0.000990699976682663,0.029118700069375336,,0.030109400046058
japan,NIKKO+OSAKA+SUSHI=TOKYO,3,10,5,10,True,all,cadical153,1340,4808,1,2,True,True,0.0008852999890223145,0.01912579999770969,,0.020011099986732006
japan,NIKKO+SAKE+TOKYO=KIMONO,3,10,6,10,True,all,cadical153,1340,4628,1,2,True,True,0.0010303000453859568,0.01009420002810657,,0.011124500073492527
japan,OSAKA+SAKE+SUSHI=KARATE,3,10,6,10,True,all,cadical153,1340,4628,1,2,True,True,0.0008520000847056508,0.006232699961401522,,0.007084700046107173
japan,OSAKA+SAKE+TOKYO=KYOTO,3,7,5,10,True,all,cadical153,1214,4152,1,2,True,True,0.0008339000632986426,0.01324710005428642,,0.014081000117585063
japan,OSAKA+SUSHI+TOKYO=HAIKU,3,9,5,10,True,all,cadical153,1321,4691,1,2,True,True,0.029019700014032423,0.04520990001037717,,0.07422960002440959
japan,OSAKA+SUSHI+TOKYO=KYOTO,3,9,5,10,True,all,cadical153,1321,4691,1,2,True,True,0.0008701999904587865,0.012518599978648126,,0.013388799969106913
language,C+CPP=PLI,2,4,3,10,True,all,cadical153,466,1169,1,2,True,True,0.0002932000206783414,0.000228599994443357,,0.0005218000151216984
language,C+GHC=CPP,2,4,3,10,True,all,cadical153,466,1169,1,2,True,True,0.0005401000380516052,0.00038849993143230677,,0.000928599969483912
language,ADA+SCALA=COBOL,2,7,5,10,True,all,cadical153,823,2303,1,2,True,True,0.0005675000138580799,0.0006692999741062522,,0.001236799987964332
language,AWK+SCALA=COBOL,2,8,5,10,True,all,cadical153,842,2400,1,2,True,True,0.0005791999865323305,0.0010029999539256096,,0.00158219994045794
language,CPP+LLP=PERL,2,5,4,10,True,all,cadical153,652,1802,1,2,True,True,0.000395399983972311,0.0002142000012099743,,0.0006095999851822853
language,CPP+BCPL=LOGIC,2,7,5,10,True,all,cadical153,791,2212,1,2,True,True,0.0004950000438839197,0.0007746999617666006,,0.0012697000056505203
language,LLP+PLI=LISP,2,4,4,10,True,all,cadical153,633,1735,1,2,True,True,0.0003746999427676201,0.00022329995408654213,,0.0005979998968541622
language,LLP+PLI=PERL,2,5,4,10,True,all,cadical153,652,1802,1,2,True,True,0.0003819999983534217,0.0003258000360801816,,0.0007078000344336033
language,LLP+COBOL=BASIC,2,8,5,10,True,all,cadical153,842,2400,1,2,True,True,0.00048280006740242243,0.0019558999920263886,,0.002438700059428811
language,BCPL+COBOL=SCALA,2,7,5,10,True,all,cadical153,872,2508,1,2,True,True,0.0005163999740034342,0.0060119000263512135,,0.006528300000354648
language,BCPL+SCALA=BASIC,2,7,5,10,True,all,cadical153,872,2508,1,2,True,True,0.0005466999718919396,0.0026500001549720764,,0.003196700126864016
language,LISP+LOGIC=PASCAL,2,8,6,10,True,all,cadical153,960,2760,1,2,True,True,0.0005624000914394855,0.0008590001380071044,,0.00142140022944659
language,LISP+SCALA=BASIC,2,7,5,10,True,all,cadical153,872,2508,1,2,True,True,0.0005079000256955624,0.009802100015804172,,0.010310000041499734
language,LISP+SCALA=PROLOG,2,9,6,10,True,all,cadical153,979,2867,1,2,True,True,0.0005843000253662467,0.0015274001052603126,,0.0021117001306265593
language,ALGOL+GOFER=PASCAL,2,10,6,10,True,all,cadical153,1047,3189,1,2,True,True,0.0006238999776542187,0.005922800046391785,,0.006546700024046004
language,ALGOL+LOGIC=MODULA,2,9,6,10,True,all,cadical153,1028,3072,1,2,True,True,0.00062369997613132,0.003246899927034974,,0.003870599903166294
language,ALGOL+ERLANG=MODULA,2,10,6,10,True,all,cadical153,1079,3280,1,2,True,True,0.0006681999657303095,0.029767299885861576,,0.030435499851591885
language,ALGOL+PASCAL=ERLANG,2,10,6,10,True,all,cadical153,1079,3280,1,2,True,True,0.0006692000897601247,0.012197700096294284,,0.012866900186054409
language,BASIC+LOGIC=PASCAL,2,9,6,10,True,all,cadical153,1028,3072,1,2,True,True,0.0008243999909609556,0.008875300060026348,,0.009699700050987303
language,BASIC+PASCAL=SIMULA,2,9,6,10,True,all,cadical153,1060,3163,1,2,True,True,0.0007777999853715301,0.016871600062586367,,0.017649400047957897
language,BASIC+SIMULA=PASCAL,2,9,6,10,True,all,cadical153,1060,3163,1,2,True,True,0.0006479999283328652,0.011046999949030578,,0.011694999877363443
language,COBOL+LOGIC=ERLANG,2,10,6,10,True,all,cadical153,1047,3189,1,2,True,True,0.0006258999928832054,0.010374000063166022,,0.010999900056049228
language,GOFER+SCALA=PASCAL,2,10,6,10,True,all,cadical153,1047,3189,1,2,True,True,0.0006492000538855791,0.014561000047251582,,0.015210200101137161
language,LOGIC+PASCAL=SIMULA,2,10,6,10,True,all,cadical153,1079,3280,1,2,True,True,0.0006729000015184283,0.010129400063306093,,0.010802300064824522
language,SCALA+MODULA=SCHEME,2,10,6,10,True,all,cadical153,1079,3280,1,2,True,True,0.0006754000205546618,0.006673799944110215,,0.0073491999646648765
language,SCALA+PASCAL=SCHEME,2,8,6,10,True,all,cadical153,1041,3056,1,2,True,True,0.000618100049905479,0.00345359998755157,,0.004071700037457049
language,SCALA+SIMULA=SCHEME,2,9,6,10,True,all,cadical153,1060,3163,1,2,True,True,0.0006416999967768788,0.01835260004736483,,0.01899430004414171
language,SCALA+SNOBOL=FORTRAN,2,10,7,10,True,all,cadical153,1148,3435,1,2,True,True,0.0007227999158203602,0.003709399956278503,,0.004432199872098863
language,C+ADA+SCALA=COBOL,3,7,5,10,True,all,cadical153,901,2689,1,2,True,True,0.0005700000328943133,0.0009731000754982233,,0.0015431001083925366
language,C+APL+CPP=LLP,3,4,3,10,True,all,cadical153,640,1953,1,2,True,True,0.00042860000394284725,0.0011891999747604132,,0.0016177999787032604
language,C+APL+SCALA=GOFER,3,10,5,10,True,all,cadical153,958,3010,1,2,True,True,0.000578200095333159,0.011483100010082126,,0.012061300105415285
language,C+APL+PASCAL=PROLOG,3,8,6,10,True,all,cadical153,1021,3032,1,2,True,True,0.0006133000133559108,0.0036873999051749706,,0.004300699918530881
language,C+AWK+SCALA=ALGOL,3,8,5,10,True,all,cadical153,920,2786,1,2,True,True,0.0005688999081030488,0.001348600024357438,,0.0019174999324604869
language,C+CLU+CPP=LLP,3,4,3,10,True,all,cadical153,640,1953,1,2,True,True,0.000408999971114099,0.0012873000232502818,,0.0016962999943643808
language,C+CLU+BASIC=COBOL,3,8,5,10,True,all,cadical153,920,2786,1,2,True,True,0.0005412000464275479,0.003936500055715442,,0.00447770010214299
language,C+CLU+SCHEME=SNOBOL,3,10,6,10,True,all,cadical153,1059,3256,1,2,True,True,0.0009310999885201454,0.00928970007225871,,0.010220800060778856
language,C+CPP+GHC=BCPL,3,6,4,10,True,all,cadical153,747,2252,1,2,True,True,0.0004969000583514571,0.0022019000025466084,,0.0026988000608980656
language,C+CPP+BCPL=ALGOL,3,7,5,10,True,all,cadical153,869,2598,1,2,True,True,0.0005225000204518437,0.0010815000860020518,,0.0016040001064538956
language,C+CPP+LISP=BASIC,3,7,5,10,True,all,cadical153,869,2598,1,2,True,True,0.000506600015796721,0.0022446000948548317,,0.0027512001106515527
language,C+CPP+PERL=GOFER,3,8,5,10,True,all,cadical153,888,2695,1,2,True,True,0.0008989999769255519,0.026410800055600703,,0.027309800032526255
language,C+CPP+SCALA=GOFER,3,10,5,10,True,all,cadical153,958,3010,1,2,True,True,0.000759200076572597,0.017117799958214164,,0.01787700003478676
language,C+LLP+BASIC=COBOL,3,8,5,10,True,all,cadical153,920,2786,1,2,True,True,0.0006044999463483691,0.00197049998678267,,0.002574999933131039
language,C+PLI+SCALA=LOGIC,3,8,5,10,True,all,cadical153,920,2786,1,2,True,True,0.0005483999848365784,0.0025053999852389097,,0.003053799970075488
language,C+BCPL+BASIC=SIMULA,3,9,6,10,True,all,cadical153,1062,3283,1,2,True,True,0.0006414999952539802,0.0037384999450296164,,0.0043799999402835965
language,C+BCPL+COBOL=SCALA,3,7,5,10,True,all,cadical153,955,2924,1,2,True,True,0.000609199982136488,0.009913200046867132,,0.01052240002900362
language,C+BCPL+SCALA=BASIC,3,7,5,10,True,all,cadical153,955,2924,1,2,True,True,0.0005909999599680305,0.006454700022004545,,0.007045699981972575
language,C+JAVA+BASIC=SIMULA,3,10,6,10,True,all,cadical153,1081,3400,1,2,True,True,0.0006498000584542751,0.002353199990466237,,0.003003000048920512
language,C+JAVA+SCALA=PROLOG,3,10,6,10,True,all,cadical153,1081,3400,1,2,True,True,0.000661000027321279,0.004872499965131283,,0.005533499992452562
language,C+LISP+SCHEME=PASCAL,3,9,6,10,True,all,cadical153,1094,3374,1,2,True,True,0.0006513999542221427,0.0020224001491442323,,0.002673800103366375
language,C+PERL+COBOL=ERLANG,3,10,6,10,True,all,cadical153,1081,3400,1,2,True,True,0.000660400022752583,0.001974400016479194,,0.002634800039231777
language,C+PERL+SCHEME=PROLOG,3,10,6,10,True,all,cadical153,1113,3491,1,2,True,True,0.0008184000616893172,0.006666300003416836,,0.0074847000651061535
language,C+ALGOL+LOGIC=PASCAL,3,8,6,10,True,all,cadical153,1095,3398,1,2,True,True,0.000671899993903935,0.00440940004773438,,0.005081300041638315
language,C+ALGOL+LOGIC=SIMULA,3,9,6,10,True,all,cadical153,1114,3505,1,2,True,True,0.0006629000417888165,0.016079399967566133,,0.01674230000935495
language,C+ALGOL+PASCAL=ERLANG,3,10,6,10,True,all,cadical153,1167,3726,1,2,True,True,0.000762399984523654,0.019186199991963804,,0.019948599976487458
language,C+ALGOL+PASCAL=SCHEME,3,10,6,10,True,all,cadical153,1167,3726,1,2,True,True,0.0007398000452667475,0.022449399926699698,,0.023189199971966445
language,C+ALGOL+PASCAL=SIMULA,3,10,6,10,True,all,cadical153,1167,3726,1,2,True,True,0.0009922999888658524,0.011920900084078312,,0.012913200072944164
language,C+ALGOL+PASCAL=SNOBOL,3,9,6,10,True,all,cadical153,1148,3609,1,2,True,True,0.0007078000344336033,0.006764500052668154,,0.0074723000871017575
language,C+ALGOL+SNOBOL=ERLANG,3,10,6,10,True,all,cadical153,1167,3726,1,2,True,True,0.0007118999492377043,0.015795699902810156,,0.01650759985204786
language,C+BASIC+COBOL=SCALA,3,7,5,10,True,all,cadical153,1007,3146,1,2,True,True,0.0006324999267235398,0.01353300001937896,,0.0141654999461025
language,C+BASIC+COBOL=PROLOG,3,10,6,10,True,all,cadical153,1133,3622,1,2,True,True,0.0006995999719947577,0.02519459999166429,,0.025894199963659048
language,C+BASIC+PASCAL=SIMULA,3,9,6,10,True,all,cadical153,1148,3609,1,2,True,True,0.000797600019723177,0.015426900121383369,,0.016224500141106546
language,C+COBOL+LOGIC=PROLOG,3,8,6,10,True,all,cadical153,1095,3398,1,2,True,True,0.0006816999521106482,0.004479499999433756,,0.005161199951544404
language,C+LOGIC+SCALA=ERLANG,3,10,6,10,True,all,cadical153,1133,3622,1,2,True,True,0.00069650006480515,0.01728859997820109,,0.01798510004300624
language,C+LOGIC+PASCAL=SIMULA,3,10,6,10,True,all,cadical153,1167,3726,1,2,True,True,0.0009911999804899096,0.02360220008995384,,0.02459340007044375
language,C+LOGIC+PROLOG=SNOBOL,3,10,6,10,True,all,cadical153,1167,3726,1,2,True,True,0.0008904999122023582,0.004657899960875511,,0.005548399873077869
language,C+SCALA+MODULA=PASCAL,3,9,6,10,True,all,cadical153,1148,3609,1,2,True,True,0.062186499941162765,0.006834100000560284,,0.06902059994172305
language,C+SCALA+MODULA=SNOBOL,3,10,6,10,True,all,cadical153,1167,3726,1,2,True,True,0.0009267000714316964,0.023365900036878884,,0.02429260010831058
language,C+SCALA+PASCAL=SCHEME,3,8,6,10,True,all,cadical153,1129,3502,1,2,True,True,0.0007556999335065484,0.007969599915668368,,0.008725299849174917
language,FP+APL+SCALA=LOGIC,3,9,5,10,True,all,cadical153,1008,3229,1,2,True,True,0.000737000023946166,0.0040219000075012445,,0.004758900031447411
language,FP+LLP+RUBY=COBOL,3,9,5,10,True,all,cadical153,976,3138,1,2,True,True,0.0006472999230027199,0.0036686999956145883,,0.004315999918617308
language,FP+LLP+SCALA=COBOL,3,8,5,10,True,all,cadical153,989,3122,1,2,True,True,0.0006425000028684735,0.002181899966672063,,0.0028243999695405364
language,FP+LLP+SCALA=GOFER,3,10,5,10,True,all,cadical153,1027,3346,1,2,True,True,0.0006926999194547534,0.015115300077013671,,0.015807999996468425
language,FP+LLP+PROLOG=PASCAL,3,9,6,10,True,all,cadical153,1109,3475,1,2,True,True,0.0006973999552428722,0.005962699884548783,,0.0066600998397916555
language,FP+PLI+BCPL=GOFER,3,10,5,10,True,all,cadical153,995,3255,1,2,True,True,0.0006519999587908387,0.009951699990779161,,0.01060369994957
language,FP+PLI+BCPL=LOGIC,3,8,5,10,True,all,cadical153,957,3031,1,2,True,True,0.0006616999162361026,0.003917700028978288,,0.004579399945214391
language,FP+PLI+BASIC=ALGOL,3,10,5,10,True,all,cadical153,1027,3346,1,2,True,True,0.0006311000324785709,0.0027469999622553587,,0.0033780999947339296
language,FP+BCPL+LISP=BASIC,3,8,5,10,True,all,cadical153,1009,3253,1,2,True,True,0.0006182000506669283,0.004106600070372224,,0.004724800121039152
language,FP+BCPL+BASIC=SIMULA,3,10,6,10,True,all,cadical153,1150,3736,1,2,True,True,0.0007593000773340464,0.003753199940547347,,0.004512500017881393
language,FP+BCPL+PASCAL=SCHEME,3,10,6,10,True,all,cadical153,1182,3827,1,2,True,True,0.0007232000352814794,0.002675499999895692,,0.0033987000351771712
language,FP+LISP+LOGIC=PASCAL,3,9,6,10,True,all,cadical153,1131,3619,1,2,True,True,0.000772200059145689,0.0013421998592093587,,0.0021143999183550477
language,FP+ALGOL+SCALA=PROLOG,3,9,6,10,True,all,cadical153,1183,3841,1,2,True,True,0.0007163999835029244,0.018268699990585446,,0.01898509997408837
language,FP+ALGOL+MODULA=PROLOG,3,10,6,10,True,all,cadical153,1236,4062,1,2,True,True,0.0007893999572843313,0.06481659994460642,,0.06560599990189075
language,FP+BASIC+PASCAL=SIMULA,3,10,6,10,True,all,cadical153,1236,4062,1,2,True,True,0.0008308000396937132,0.02836220001336187,,0.029193000053055584
language,FP+GOFER+SNOBOL=PROLOG,3,10,6,10,True,all,cadical153,1236,4062,1,2,True,True,0.0008302000351250172,0.03195219987537712,,0.032782399910502136
language,FP+SCALA+PASCAL=MODULA,3,10,6,10,True,all,cadical153,1236,4062,1,2,True,True,0.0008551999926567078,0.013310199952684343,,0.01416539994534105
language,FP+SCALA+PASCAL=SIMULA,3,9,6,10,True,all,cadical153,1217,3945,1,2,True,True,0.0007908999687060714,0.005623499979265034,,0.006414399947971106
language,ML+LLP+PLI=PERL,3,6,4,10,True,all,cadical153,816,2588,1,2,True,True,0.000537899904884398,0.0008596000261604786,,0.0013974999310448766
language,ML+LLP+BCPL=GOFER,3,10,5,10,True,all,cadical153,995,3255,1,2,True,True,0.0006794000510126352,0.011359799886122346,,0.012039199937134981
language,ML+LLP+SCALA=LOGIC,3,9,5,10,True,all,cadical153,1008,3229,1,2,True,True,0.0006544999778270721,0.002955000032670796,,0.003609500010497868
language,ML+SML+LOGIC=SCALA,3,8,5,10,True,all,cadical153,989,3122,1,2,True,True,0.0006197000620886683,0.0032155998051166534,,0.003835299867205322
language,ML+SML+SCALA=COBOL,3,7,5,10,True,all,cadical153,970,3025,1,2,True,True,0.0006473000394180417,0.0015022000297904015,,0.002149500069208443
language,ML+SML+SCALA=GOFER,3,10,5,10,True,all,cadical153,1027,3346,1,2,True,True,0.0006376000819727778,0.01023939996957779,,0.010877000051550567
language,ML+BCPL+PASCAL=SNOBOL,3,9,6,10,True,all,cadical153,1163,3710,1,2,True,True,0.0007340000011026859,0.004605999914929271,,0.005339999916031957
language,ML+JAVA+BASIC=SIMULA,3,10,6,10,True,all,cadical153,1150,3736,1,2,True,True,0.0007666999008506536,0.004078999976627529,,0.004845699877478182
language,ML+ALGOL+BASIC=SIMULA,3,10,6,10,True,all,cadical153,1202,3958,1,2,True,True,0.0008095999946817756,0.025881300098262727,,0.026690900092944503
language,ML+ALGOL+COBOL=ERLANG,3,10,6,10,True,all,cadical153,1202,3958,1,2,True,True,0.00153929996304214,0.025991500006057322,,0.027530799969099462
language,ML+ALGOL+SCALA=PROLOG,3,9,6,10,True,all,cadical153,1183,3841,1,2,True,True,0.0013422999763861299,0.016691099968738854,,0.018033399945124984
language,ML+ALGOL+SCALA=SIMULA,3,9,6,10,True,all,cadical153,1183,3841,1,2,True,True,0.0007729999488219619,0.0011099000694230199,,0.0018829000182449818
language,ML+ALGOL+PROLOG=MODULA,3,9,6,10,True,all,cadical153,1217,3945,1,2,True,True,0.0007455999730154872,0.022530300077050924,,0.02327590005006641
language,ML+ALGOL+SCHEME=PASCAL,3,10,6,10,True,all,cadical153,1236,4062,1,2,True,True,0.000785200041718781,0.010964800138026476,,0.011750000179745257
language,ML+BASIC+PASCAL=SCHEME,3,10,6,10,True,all,cadical153,1236,4062,1,2,True,True,0.0008174000540748239,0.024672599975019693,,0.025490000029094517
language,ML+BASIC+SCHEME=PASCAL,3,10,6,10,True,all,cadical153,1236,4062,1,2,True,True,0.0008339000632986426,0.04378710000310093,,0.044621000066399574
language,ML+COBOL+PASCAL=MODULA,3,10,6,10,True,all,cadical153,1236,4062,1,2,True,True,0.0008776000468060374,0.009327399893663824,,0.010204999940469861
language,ML+COBOL+PASCAL=SIMULA,3,10,6,10,True,all,cadical153,1236,4062,1,2,True,True,0.026443000067956746,0.019946500076912344,,0.04638950014486909
language,ML+COBOL+SCHEME=PASCAL,3,10,6,10,True,all,cadical153,1236,4062,1,2,True,True,0.0007745000766590238,0.027506600017659366,,0.02828110009431839
language,ML+GOFER+PROLOG=ERLANG,3,10,6,10,True,all,cadical153,1236,4062,1,2,True,True,0.001548200030811131,0.009859899990260601,,0.011408100021071732
language,ML+LOGIC+PASCAL=SIMULA,3,10,6,10,True,all,cadical153,1236,4062,1,2,True,True,0.0007654000073671341,0.022850000066682696,,0.02361540007404983
language,ML+SCALA+ERLANG=SCHEME,3,10,6,10,True,all,cadical153,1236,4062,1,2,True,True,0.0008711999980732799,0.020387899945490062,,0.021259099943563342
language,ML+SCALA+SNOBOL=PASCAL,3,9,6,10,True,all,cadical153,1217,3945,1,2,True,True,0.0007578999502584338,0.008937499951571226,,0.00969539990182966
language,ADA+CLU+SCALA=LOGIC,3,9,5,10,True,all,cadical153,1077,3564,1,2,True,True,0.0007028999971225858,0.0054178000427782536,,0.006120700039900839
language,ADA+LLP+BCPL=LOGIC,3,9,5,10,True,all,cadical153,1045,3473,1,2,True,True,0.0006773999193683267,0.007184999994933605,,0.007862399914301932
language,ADA+SED+SCALA=LOGIC,3,9,5,10,True,all,cadical153,1077,3564,1,2,True,True,0.0006846999749541283,0.005081800045445561,,0.00576650002039969
language,ADA+BCPL+SCALA=MODULA,3,10,6,10,True,all,cadical153,1219,4071,1,2,True,True,0.0008332000579684973,0.005630199913866818,,0.006463399971835315
language,ADA+LISP+LOGIC=SCALA,3,9,5,10,True,all,cadical153,1131,3799,1,2,True,True,0.000732300104573369,0.04400240001268685,,0.04473470011726022
language,ADA+LISP+PASCAL=SCHEME,3,10,6,10,True,all,cadical153,1251,4162,1,2,True,True,0.0008063999703153968,0.0031750999623909593,,0.003981499932706356
language,ADA+ALGOL+COBOL=ERLANG,3,10,6,10,True,all,cadical153,1271,4293,1,2,True,True,0.0008159999269992113,0.02342129999306053,,0.02423729992005974
language,ADA+ALGOL+GOFER=ERLANG,3,9,6,10,True,all,cadical153,1252,4176,1,2,True,True,0.0010068999836221337,0.031114600016735494,,0.03212150000035763
language,ADA+ALGOL+MODULA=ERLANG,3,10,6,10,True,all,cadical153,1305,4397,1,2,True,True,0.0017562999855726957,0.0326276000123471,,0.0343838999979198
language,ADA+BASIC+COBOL=MODULA,3,10,6,10,True,all,cadical153,1271,4293,1,2,True,True,0.0008414000039920211,0.02533840003889054,,0.02617980004288256
language,ADA+BASIC+LOGIC=PASCAL,3,10,6,10,True,all,cadical153,1271,4293,1,2,True,True,0.0011653000256046653,0.009470800054259598,,0.010636100079864264
language,ADA+COBOL+SNOBOL=PASCAL,3,9,6,10,True,all,cadical153,1286,4280,1,2,True,True,0.0008189999498426914,0.014271300053223968,,0.015090300003066659
language,ADA+LOGIC+SCALA=SIMULA,3,10,6,10,True,all,cadical153,1271,4293,1,2,True,True,0.0008623000467196107,0.0035229999339208007,,0.004385299980640411
language,ADA+SCALA+MODULA=PASCAL,3,9,6,10,True,all,cadical153,1286,4280,1,2,True,True,0.0007937999907881021,0.00855909998062998,,0.009352899971418083
language,ADA+SCALA+MODULA=SCHEME,3,10,6,10,True,all,cadical153,1305,4397,1,2,True,True,0.0011452999897301197,0.022213399992324412,,0.02335869998205453
language,ADA+SCALA+PASCAL=SIMULA,3,9,6,10,True,all,cadical153,1286,4280,1,2,True,True,0.0008503999561071396,0.005566200008615851,,0.006416599964722991
language,ADA+SCALA+SIMULA=PASCAL,3,9,6,10,True,all,cadical153,1286,4280,1,2,True,True,0.0008584999013692141,0.005406400072388351,,0.006264899973757565
language,ADA+SCALA+SNOBOL=MODULA,3,10,6,10,True,all,cadical153,1305,4397,1,2,True,True,0.0008196999551728368,0.02028169995173812,,0.021101399906910956
language,APL+CLU+ALGOL=COBOL,3,8,5,10,True,all,cadical153,1058,3457,1,2,True,True,0.0007269999478012323,0.0009730999590829015,,0.0017000999068841338
language,APL+LLP+ALGOL=BASIC,3,9,5,10,True,all,cadical153,1077,3564,1,2,True,True,0.000682900077663362,0.0011512000346556306,,0.0018341001123189926
language,APL+LLP+BASIC=COBOL,3,8,5,10,True,all,cadical153,1058,3457,1,2,True,True,0.0006444000173360109,0.004740500007756054,,0.005384900025092065
language,APL+PLI+LISP=GOFER,3,10,5,10,True,all,cadical153,1064,3590,1,2,True,True,0.0006978999590501189,0.014173300005495548,,0.014871199964545667
language,APL+PLI+BASIC=COBOL,3,8,5,10,True,all,cadical153,1058,3457,1,2,True,True,0.0006729000015184283,0.005403099930845201,,0.006075999932363629
language,APL+BCPL+BASIC=SNOBOL,3,9,6,10,True,all,cadical153,1200,3954,1,2,True,True,0.0009275000775232911,0.0021195000736042857,,0.003047000151127577
language,APL+BCPL+SCALA=BASIC,3,7,5,10,True,all,cadical153,1093,3595,1,2,True,True,0.0006778000388294458,0.008390599861741066,,0.009068399900570512
language,APL+LISP+SIMULA=PROLOG,3,10,6,10,True,all,cadical153,1251,4162,1,2,True,True,0.0007689000340178609,0.008264700067229569,,0.00903360010124743
language,APL+PERL+PASCAL=ERLANG,3,9,6,10,True,all,cadical153,1232,4045,1,2,True,True,0.029567599995061755,0.0031259999377653003,,0.032693599932827055
language,APL+ALGOL+ERLANG=SNOBOL,3,10,6,10,True,all,cadical153,1305,4397,1,2,True,True,0.0008879000088199973,0.022914999979548156,,0.023802899988368154
language,APL+ALGOL+PROLOG=MODULA,3,9,6,10,True,all,cadical153,1286,4280,1,2,True,True,0.0008983999723568559,0.018139100051485002,,0.019037500023841858
language,APL+COBOL+SCALA=SIMULA,3,10,6,10,True,all,cadical153,1271,4293,1,2,True,True,0.0008278000168502331,0.003613299923017621,,0.004441099939867854
language,APL+COBOL+PASCAL=SCHEME,3,10,6,10,True,all,cadical153,1305,4397,1,2,True,True,0.0008824999677017331,0.018766299937851727,,0.01964879990555346
language,APL+GOFER+SCALA=PROLOG,3,10,6,10,True,all,cadical153,1271,4293,1,2,True,True,0.0008566000033169985,0.0498920000391081,,0.050748600042425096
language,APL+LOGIC+PASCAL=SNOBOL,3,10,6,10,True,all,cadical153,1305,4397,1,2,True,True,0.0009049000218510628,0.005061499890871346,,0.005966399912722409
language,APL+SCALA+MODULA=PASCAL,3,9,6,10,True,all,cadical153,1286,4280,1,2,True,True,0.0008044000715017319,0.00666880002245307,,0.0074732000939548016
language,APL+SCHEME+SIMULA=PASCAL,3,10,6,10,True,all,cadical153,1357,4619,1,2,True,True,0.00091409997548908,0.030389800085686147,,0.03130390006117523
language,AWK+ALGOL+SCALA=SNOBOL,3,10,6,10,True,all,cadical153,1271,4293,1,2,True,True,0.0008421000093221664,0.005752500030212104,,0.006594600039534271
language,CLU+CPP+LLP=APL,3,5,3,10,True,all,cadical153,797,2691,1,2,True,True,0.0005341999931260943,0.004772299900650978,,0.005306499893777072
language,CLU+CPP+LLP=BCPL,3,5,4,10,True,all,cadical153,866,2846,1,2,True,True,0.0005564999300986528,0.004216999979689717,,0.00477349990978837
language,CLU+CPP+BCPL=GOFER,3,10,5,10,True,all,cadical153,1064,3590,1,2,True,True,0.0007324999896809459,0.007041699951514602,,0.007774199941195548
language,CLU+CPP+LISP=BASIC,3,8,5,10,True,all,cadical153,1026,3366,1,2,True,True,0.0006491999374702573,0.009296300006099045,,0.009945499943569303
language,CLU+BCPL+COBOL=SIMULA,3,10,6,10,True,all,cadical153,1219,4071,1,2,True,True,0.0013656000373885036,0.007452200050465763,,0.008817800087854266
language,CLU+BCPL+PASCAL=SNOBOL,3,9,6,10,True,all,cadical153,1232,4045,1,2,True,True,0.0007936999900266528,0.004371799994260073,,0.0051654999842867255
language,CLU+BCPL+SNOBOL=PASCAL,3,9,6,10,True,all,cadical153,1232,4045,1,2,True,True,0.0008050999604165554,0.003679299959912896,,0.0044843999203294516
language,CLU+LISP+MODULA=PASCAL,3,10,6,10,True,all,cadical153,1251,4162,1,2,True,True,0.0008079999824985862,0.00826910010073334,,0.009077100083231926
language,CLU+LISP+PASCAL=SNOBOL,3,10,6,10,True,all,cadical153,1251,4162,1,2,True,True,0.0008726000087335706,0.00311000004876405,,0.003982600057497621
language,CLU+PERL+PASCAL=SIMULA,3,10,6,10,True,all,cadical153,1251,4162,1,2,True,True,0.0007749999640509486,0.0024409000761806965,,0.003215900040231645
language,CLU+ALGOL+BASIC=SNOBOL,3,10,6,10,True,all,cadical153,1271,4293,1,2,True,True,0.000790799967944622,0.029130299924872816,,0.029921099892817438
language,CLU+ALGOL+SCALA=ERLANG,3,10,6,10,True,all,cadical153,1271,4293,1,2,True,True,0.0008459000382572412,0.011662700097076595,,0.012508600135333836
language,CLU+BASIC+SCALA=SIMULA,3,8,6,10,True,all,cadical153,1233,4069,1,2,True,True,0.0007926000980660319,0.0034626999404281378,,0.00425530003849417
language,CLU+COBOL+MODULA=SIMULA,3,10,6,10,True,all,cadical153,1305,4397,1,2,True,True,0.001042800024151802,0.037664299947209656,,0.03870709997136146
language,CLU+COBOL+SNOBOL=MODULA,3,10,6,10,True,all,cadical153,1305,4397,1,2,True,True,0.002781999995931983,0.03303659986704588,,0.03581859986297786
language,CLU+COBOL+SNOBOL=PROLOG,3,10,6,10,True,all,cadical153,1305,4397,1,2,True,True,0.0010516999755054712,0.005619699950329959,,0.006671399925835431
language,CLU+LOGIC+SCALA=SNOBOL,3,10,6,10,True,all,cadical153,1271,4293,1,2,True,True,0.0008098999969661236,0.0034154000459238887,,0.004225300042890012
language,CLU+LOGIC+PASCAL=SIMULA,3,10,6,10,True,all,cadical153,1305,4397,1,2,True,True,0.0008752000285312533,0.035937300068326294,,0.03681250009685755
language,CLU+SCALA+MODULA=PASCAL,3,9,6,10,True,all,cadical153,1286,4280,1,2,True,True,0.0008559999987483025,0.007052700035274029,,0.007908700034022331
language,CLU+SCALA+PASCAL=ERLANG,3,10,6,10,True,all,cadical153,1305,4397,1,2,True,True,0.0008536999812349677,0.023969899979420006,,0.024823599960654974
language,CLU+SCALA+PASCAL=SCHEME,3,9,6,10,True,all,cadical153,1286,4280,1,2,True,True,0.0008749000262469053,0.015682100085541606,,0.01655700011178851
language,CLU+SCALA+PASCAL=SNOBOL,3,9,6,10,True,all,cadical153,1286,4280,1,2,True,True,0.0009192000143229961,0.021013300167396665,,0.02193250018171966
language,CLU+SCALA+SCHEME=MODULA,3,10,6,10,True,all,cadical153,1305,4397,1,2,True,True,0.0008610000368207693,0.02755490003619343,,0.0284159000730142
language,CLU+SCALA+SNOBOL=PASCAL,3,9,6,10,True,all,cadical153,1286,4280,1,2,True,True,0.0008631999371573329,0.029471099958755076,,0.03033429989591241
language,CLU+SCHEME+SIMULA=HASKELL,3,10,7,10,True,all,cadical153,1426,4774,1,2,True,True,0.0009693000465631485,0.020883699995465577,,0.021853000042028725
language,CPP+LLP+PLI=APL,3,5,3,10,True,all,cadical153,797,2691,1,2,True,True,0.0005830000154674053,0.0032796000596135855,,0.003862600075080991
language,CPP+LLP+BCPL=LOGIC,3,7,5,10,True,all,cadical153,1007,3269,1,2,True,True,0.0006470000371336937,0.000834600068628788,,0.0014816001057624817
language,CPP+LLP+RUBY=LOGIC,3,10,5,10,True,all,cadical153,1064,3590,1,2,True,True,0.0006899000145494938,0.010031400015577674,,0.010721300030127168
language,CPP+LLP+SCALA=LOGIC,3,8,5,10,True,all,cadical153,1058,3457,1,2,True,True,0.031524699996225536,0.007656100089661777,,0.03918080008588731
language,CPP+PLI+JAVA=COBOL,3,9,5,10,True,all,cadical153,1045,3473,1,2,True,True,0.0012104000197723508,0.009133400046266615,,0.010343800066038966
language,CPP+PLI+LISP=COBOL,3,7,5,10,True,all,cadical153,1007,3269,1,2,True,True,0.0006555999862030149,0.0011000999948009849,,0.0017556999810039997
language,CPP+SED+PERL=LOGIC,3,10,5,10,True,all,cadical153,1064,3590,1,2,True,True,0.0007434999570250511,0.004761700052767992,,0.005505200009793043
language,CPP+BCPL+BASIC=SIMULA,3,9,6,10,True,all,cadical153,1200,3954,1,2,True,True,0.0007802000036463141,0.0033821999095380306,,0.004162399913184345
language,CPP+BCPL+COBOL=SCALA,3,7,5,10,True,all,cadical153,1093,3595,1,2,True,True,0.0007745999610051513,0.020606399863027036,,0.021380999824032187
language,CPP+BCPL+PASCAL=SNOBOL,3,8,6,10,True,all,cadical153,1213,3938,1,2,True,True,0.0011486000148579478,0.0027350999880582094,,0.0038837000029161572
language,CPP+LISP+LOGIC=SNOBOL,3,9,6,10,True,all,cadical153,1200,3954,1,2,True,True,0.0008080999832600355,0.002242599963210523,,0.0030506999464705586
language,CPP+LISP+SCHEME=PASCAL,3,9,6,10,True,all,cadical153,1232,4045,1,2,True,True,0.0007766999769955873,0.0020113999489694834,,0.0027880999259650707
language,CPP+ALGOL+SCALA=PROLOG,3,8,6,10,True,all,cadical153,1233,4069,1,2,True,True,0.0007502000080421567,0.004955900018103421,,0.005706100026145577
language,CPP+ALGOL+PASCAL=SCHEME,3,10,6,10,True,all,cadical153,1305,4397,1,2,True,True,0.0008708999957889318,0.01675799989607185,,0.017628899891860783
language,CPP+ALGOL+PASCAL=SIMULA,3,10,6,10,True,all,cadical153,1305,4397,1,2,True,True,0.0008375000907108188,0.008986300090327859,,0.009823800181038678
language,CPP+ALGOL+PASCAL=SNOBOL,3,9,6,10,True,all,cadical153,1286,4280,1,2,True,True,0.000940999947488308,0.007583200000226498,,0.008524199947714806
language,CPP+BASIC+COBOL=PROLOG,3,10,6,10,True,all,cadical153,1271,4293,1,2,True,True,0.0012400000123307109,0.016830599983222783,,0.018070599995553493
language,CPP+BASIC+COBOL=SIMULA,3,10,6,10,True,all,cadical153,1271,4293,1,2,True,True,0.0010052999714389443,0.03699270007200539,,0.037998000043444335
language,CPP+BASIC+PASCAL=SCHEME,3,10,6,10,True,all,cadical153,1305,4397,1,2,True,True,0.0008694999851286411,0.019741199910640717,,0.020610699895769358
language,CPP+COBOL+PASCAL=MODULA,3,10,6,10,True,all,cadical153,1305,4397,1,2,True,True,0.0008981999708339572,0.011056200019083917,,0.011954399989917874
language,CPP+COBOL+SCHEME=PASCAL,3,10,6,10,True,all,cadical153,1305,4397,1,2,True,True,0.0008303000358864665,0.02480759983882308,,0.025637899874709547
language,CPP+SCALA+PROLOG=PASCAL,3,8,6,10,True,all,cadical153,1267,4173,1,2,True,True,0.0009464999893680215,0.06231369997840375,,0.06326019996777177
language,CPP+SCALA+SCHEME=PASCAL,3,8,6,10,True,all,cadical153,1267,4173,1,2,True,True,0.0008682999759912491,0.011766399955376983,,0.012634699931368232
language,CPP+SCALA+SIMULA=MODULA,3,10,6,10,True,all,cadical153,1305,4397,1,2,True,True,0.0010781000601127744,0.018100400106050074,,0.01917850016616285
language,CPP+SCALA+SNOBOL=PASCAL,3,8,6,10,True,all,cadical153,1267,4173,1,2,True,True,0.0008861999958753586,0.00966910005081445,,0.010555300046689808
language,CPP+PASCAL+PROLOG=SNOBOL,3,10,6,10,True,all,cadical153,1357,4619,1,2,True,True,0.000880099949426949,0.006673799944110215,,0.007553899893537164
language,GHC+PLI+PASCAL=PROLOG,3,10,6,10,True,all,cadical153,1197,3927,1,2,True,True,0.0007537000346928835,0.043633799883536994,,0.04438749991822988
language,GHC+BCPL+PASCAL=SCHEME,3,10,6,10,True,all,cadical153,1251,4162,1,2,True,True,0.0007999000372365117,0.005125299911014736,,0.005925199948251247
language,GHC+BCPL+SNOBOL=PROLOG,3,10,6,10,True,all,cadical153,1251,4162,1,2,True,True,0.0008950000628829002,0.01296089997049421,,0.013855900033377111
language,GHC+ALGOL+LOGIC=SCHEME,3,10,6,10,True,all,cadical153,1271,4293,1,2,True,True,0.0008726000087335706,0.007858300115913153,,0.008730900124646723
language,GHC+ALGOL+LOGIC=SIMULA,3,10,6,10,True,all,cadical153,1271,4293,1,2,True,True,0.032411300111562014,0.0204798998311162,,0.05289119994267821
language,GHC+ALGOL+SCALA=SCHEME,3,9,6,10,True,all,cadical153,1252,4176,1,2,True,True,0.0008056999649852514,0.0028996000764891505,,0.003705300041474402
language,GHC+ALGOL+PASCAL=SCHEME,3,10,6,10,True,all,cadical153,1305,4397,1,2,True,True,0.0009052000241354108,0.017086699954234064,,0.017991899978369474
language,GHC+BASIC+LOGIC=PASCAL,3,10,6,10,True,all,cadical153,1271,4293,1,2,True,True,0.0008275000145658851,0.02555800008121878,,0.026385500095784664
language,GHC+COBOL+SNOBOL=PASCAL,3,10,6,10,True,all,cadical153,1305,4397,1,2,True,True,0.000979500007815659,0.0188326999777928,,0.01981219998560846
language,GHC+LOGIC+SCALA=SIMULA,3,10,6,10,True,all,cadical153,1271,4293,1,2,True,True,0.0008157999254763126,0.00472630001604557,,0.005542099941521883
language,GHC+SCALA+PASCAL=SCHEME,3,9,6,10,True,all,cadical153,1286,4280,1,2,True,True,0.002154499990865588,0.011363399913534522,,0.01351789990440011
language,GHC+SCALA+SCHEME=ERLANG,3,10,6,10,True,all,cadical153,1305,4397,1,2,True,True,0.0008285000221803784,0.014276999863795936,,0.015105499885976315
language,LLP+PLI+LISP=BASIC,3,7,5,10,True,all,cadical153,1007,3269,1,2,True,True,0.0006437000120058656,0.01373030012473464,,0.014374000136740506
language,LLP+PLI+BASIC=SCALA,3,7,5,10,True,all,cadical153,1039,3360,1,2,True,True,0.0006686999695375562,0.006982100079767406,,0.007650800049304962
language,LLP+PLI+COBOL=BASIC,3,8,5,10,True,all,cadical153,1058,3457,1,2,True,True,0.0006744000129401684,0.00841539993416518,,0.009089799947105348
language,LLP+BCPL+BASIC=SCHEME,3,10,6,10,True,all,cadical153,1219,4071,1,2,True,True,0.0008243999909609556,0.0027475999668240547,,0.0035719999577850103
language,LLP+BCPL+SCALA=ERLANG,3,10,6,10,True,all,cadical153,1219,4071,1,2,True,True,0.0007447999669238925,0.008044500020332634,,0.008789299987256527
language,LLP+BCPL+SCALA=PROLOG,3,9,6,10,True,all,cadical153,1200,3954,1,2,True,True,0.0007307999767363071,0.002474099979735911,,0.003204899956472218
language,LLP+LISP+ALGOL=SIMULA,3,9,6,10,True,all,cadical153,1200,3954,1,2,True,True,0.0007767999777570367,0.0019973000744357705,,0.002774100052192807
language,LLP+LISP+BASIC=SCHEME,3,10,6,10,True,all,cadical153,1219,4071,1,2,True,True,0.00074970000423491,0.006854199920780957,,0.007603899925015867
language,LLP+LISP+COBOL=SIMULA,3,10,6,10,True,all,cadical153,1219,4071,1,2,True,True,0.0008252001134678721,0.0048559000715613365,,0.005681100185029209
language,LLP+LISP+LOGIC=SCHEME,3,10,6,10,True,all,cadical153,1219,4071,1,2,True,True,0.0007575000636279583,0.004280199995264411,,0.005037700058892369
language,LLP+LISP+SCALA=COBOL,3,8,5,10,True,all,cadical153,1112,3692,1,2,True,True,0.0006994999712333083,0.00543620006646961,,0.006135700037702918
language,LLP+PERL+PASCAL=SCHEME,3,9,6,10,True,all,cadical153,1232,4045,1,2,True,True,0.000785200041718781,0.0029855000320822,,0.003770700073800981
language,LLP+ALGOL+BASIC=PROLOG,3,10,6,10,True,all,cadical153,1271,4293,1,2,True,True,0.0008083999855443835,0.04261750006116927,,0.04342590004671365
language,LLP+ALGOL+SCALA=ERLANG,3,10,6,10,True,all,cadical153,1271,4293,1,2,True,True,0.0009009999921545386,0.019165299949236214,,0.020066299941390753
language,LLP+ALGOL+SCALA=SCHEME,3,10,6,10,True,all,cadical153,1271,4293,1,2,True,True,0.0008726000087335706,0.003944299998693168,,0.004816900007426739
language,LLP+ALGOL+ERLANG=SNOBOL,3,10,6,10,True,all,cadical153,1305,4397,1,2,True,True,0.0008526999736204743,0.022319399868138134,,0.02317209984175861
language,LLP+ALGOL+PASCAL=ERLANG,3,10,6,10,True,all,cadical153,1305,4397,1,2,True,True,0.0012730000307783484,0.01846980000846088,,0.019742800039239228
language,LLP+BASIC+COBOL=SIMULA,3,10,6,10,True,all,cadical153,1271,4293,1,2,True,True,0.0008733998984098434,0.040237999986857176,,0.04111139988526702
language,LLP+BASIC+LOGIC=PASCAL,3,9,6,10,True,all,cadical153,1252,4176,1,2,True,True,0.0008015000494197011,0.00784479989670217,,0.008646299946121871
language,LLP+BASIC+SCALA=SIMULA,3,9,6,10,True,all,cadical153,1252,4176,1,2,True,True,0.030085899983532727,0.004105299944058061,,0.03419119992759079
language,LLP+BASIC+PASCAL=SNOBOL,3,9,6,10,True,all,cadical153,1286,4280,1,2,True,True,0.0008980999700725079,0.027983900043182075,,0.028882000013254583
language,LLP+GOFER+PROLOG=ERLANG,3,9,6,10,True,all,cadical153,1286,4280,1,2,True,True,0.0009391000494360924,0.0038117999210953712,,0.004750899970531464
language,LLP+LOGIC+PASCAL=SNOBOL,3,10,6,10,True,all,cadical153,1305,4397,1,2,True,True,0.0008221999742090702,0.007905100006610155,,0.008727299980819225
language,LLP+SCALA+MODULA=PASCAL,3,9,6,10,True,all,cadical153,1286,4280,1,2,True,True,0.0009464999893680215,0.00799190008547157,,0.008938400074839592
language,LLP+SCALA+SNOBOL=PASCAL,3,8,6,10,True,all,cadical153,1267,4173,1,2,True,True,0.0008134000236168504,0.00649679999332875,,0.0073102000169456005
language,LLP+ERLANG+PROLOG=SNOBOL,3,10,6,10,True,all,cadical153,1357,4619,1,2,True,True,0.0008844999829307199,0.008035799954086542,,0.008920299937017262
language,LLP+SCHEME+SIMULA=PASCAL,3,10,6,10,True,all,cadical153,1357,4619,1,2,True,True,0.0008969999616965652,0.038700200035236776,,0.03959719999693334
language,PLI+BCPL+COBOL=PASCAL,3,8,6,10,True,all,cadical153,1181,3847,1,2,True,True,0.0007663000142201781,0.0013075999449938536,,0.0020738999592140317
language,PLI+BCPL+PASCAL=SCHEME,3,10,6,10,True,all,cadical153,1251,4162,1,2,True,True,0.0007972999010235071,0.0044062999077141285,,0.005203599808737636
language,PLI+LISP+BASIC=COBOL,3,8,5,10,True,all,cadical153,1112,3692,1,2,True,True,0.0007071000291034579,0.06751070008613169,,0.06821780011523515
language,PLI+LISP+COBOL=SIMULA,3,10,6,10,True,all,cadical153,1219,4071,1,2,True,True,0.0008616999257355928,0.004009899916127324,,0.004871599841862917
language,PLI+LISP+MODULA=PASCAL,3,10,6,10,True,all,cadical153,1251,4162,1,2,True,True,0.0007749999640509486,0.006849600002169609,,0.007624599966220558
language,PLI+PERL+GOFER=ERLANG,3,10,6,10,True,all,cadical153,1219,4071,1,2,True,True,0.0007627999875694513,0.0017603999003767967,,0.002523199887946248
language,PLI+ALGOL+BASIC=PASCAL,3,9,6,10,True,all,cadical153,1252,4176,1,2,True,True,0.0007830000249668956,0.011499099899083376,,0.012282099924050272
language,PLI+ALGOL+BASIC=PROLOG,3,10,6,10,True,all,cadical153,1271,4293,1,2,True,True,0.0008212000830098987,0.034072899958118796,,0.034894100041128695
language,PLI+ALGOL+BASIC=SNOBOL,3,10,6,10,True,all,cadical153,1271,4293,1,2,True,True,0.0008676999714225531,0.023439700016751885,,0.02430739998817444
language,PLI+ALGOL+LOGIC=MODULA,3,10,6,10,True,all,cadical153,1271,4293,1,2,True,True,0.0008261000039055943,0.012111200019717216,,0.01293730002362281
language,PLI+ALGOL+PROLOG=MODULA,3,10,6,10,True,all,cadical153,1305,4397,1,2,True,True,0.0008928999304771423,0.03148300002794713,,0.03237589995842427
language,PLI+ALGOL+SIMULA=MODULA,3,10,6,10,True,all,cadical153,1305,4397,1,2,True,True,0.0008568000048398972,0.01823699998203665,,0.019093799986876547
language,PLI+BASIC+COBOL=PROLOG,3,10,6,10,True,all,cadical153,1271,4293,1,2,True,True,0.0008308999240398407,0.022262000013142824,,0.023092899937182665
language,PLI+BASIC+LOGIC=PASCAL,3,9,6,10,True,all,cadical153,1252,4176,1,2,True,True,0.0008158000418916345,0.010603500180877745,,0.01141930022276938
language,PLI+BASIC+LOGIC=PROLOG,3,10,6,10,True,all,cadical153,1271,4293,1,2,True,True,0.0008737000171095133,0.022647500038146973,,0.023521200055256486
language,PLI+BASIC+PASCAL=SIMULA,3,9,6,10,True,all,cadical153,1286,4280,1,2,True,True,0.000838699983432889,0.033745499909855425,,0.034584199893288314
language,PLI+BASIC+PASCAL=SNOBOL,3,9,6,10,True,all,cadical153,1286,4280,1,2,True,True,0.0009011999936774373,0.03529460006393492,,0.03619580005761236
language,PLI+COBOL+LOGIC=PROLOG,3,8,6,10,True,all,cadical153,1233,4069,1,2,True,True,0.0007974000182002783,0.008590599987655878,,0.009388000005856156
language,PLI+COBOL+PASCAL=SIMULA,3,10,6,10,True,all,cadical153,1305,4397,1,2,True,True,0.0009323999984189868,0.02082720003090799,,0.021759600029326975
language,PLI+COBOL+SNOBOL=PASCAL,3,9,6,10,True,all,cadical153,1286,4280,1,2,True,True,0.0008497000671923161,0.013543799985200167,,0.014393500052392483
language,PLI+LOGIC+SNOBOL=PROLOG,3,10,6,10,True,all,cadical153,1305,4397,1,2,True,True,0.0009129999671131372,0.02545959991402924,,0.026372599881142378
language,PLI+SCALA+SCHEME=PASCAL,3,9,6,10,True,all,cadical153,1286,4280,1,2,True,True,0.0008347999537363648,0.02203030011150986,,0.022865100065246224
language,PLI+SCALA+SNOBOL=PASCAL,3,9,6,10,True,all,cadical153,1286,4280,1,2,True,True,0.03172160009853542,0.027012199978344142,,0.05873380007687956
language,SED+LISP+ALGOL=PROLOG,3,10,6,10,True,all,cadical153,1219,4071,1,2,True,True,0.0008213999681174755,0.00280930008739233,,0.0036307000555098057
language,SED+ALGOL+SCALA=SCHEME,3,10,6,10,True,all,cadical153,1271,4293,1,2,True,True,0.0009470999939367175,0.004969700006768107,,0.005916800000704825
language,SED+ALGOL+ERLANG=SNOBOL,3,10,6,10,True,all,cadical153,1305,4397,1,2,True,True,0.0008477999363094568,0.0450373999774456,,0.04588519991375506
language,SED+SCALA+SCHEME=PASCAL,3,9,6,10,True,all,cadical153,1286,4280,1,2,True,True,0.0009565999498590827,0.025912099983543158,,0.02686869993340224
language,SML+BCPL+BASIC=SIMULA,3,9,6,10,True,all,cadical153,1200,3954,1,2,True,True,0.000781899900175631,0.0030612999107688665,,0.0038431998109444976
language,SML+BCPL+COBOL=SIMULA,3,10,6,10,True,all,cadical153,1219,4071,1,2,True,True,0.0007669000187888741,0.0034996001049876213,,0.0042665001237764955
language,SML+BCPL+SCALA=MODULA,3,10,6,10,True,all,cadical153,1219,4071,1,2,True,True,0.0007839000318199396,0.00209199998062104,,0.0028759000124409795
language,SML+BCPL+PASCAL=SNOBOL,3,9,6,10,True,all,cadical153,1232,4045,1,2,True,True,0.0007697999244555831,0.0030101999873295426,,0.0037799999117851257
language,SML+BCPL+SNOBOL=PROLOG,3,10,6,10,True,all,cadical153,1251,4162,1,2,True,True,0.0008435999043285847,0.007615000009536743,,0.008458599913865328
language,SML+JAVA+BASIC=SIMULA,3,10,6,10,True,all,cadical153,1219,4071,1,2,True,True,0.0007715000538155437,0.003160799969919026,,0.0039323000237345695
language,SML+JAVA+PASCAL=SIMULA,3,10,6,10,True,all,cadical153,1251,4162,1,2,True,True,0.0007761999731883407,0.0029319000896066427,,0.0037081000627949834
language,SML+LISP+SCALA=PROLOG,3,10,6,10,True,all,cadical153,1219,4071,1,2,True,True,0.0008248999947682023,0.004450699896551669,,0.005275599891319871
language,SML+LISP+PROLOG=SNOBOL,3,10,6,10,True,all,cadical153,1251,4162,1,2,True,True,0.0008025000570341945,0.0046888000797480345,,0.005491300136782229
language,SML+PERL+SCHEME=PROLOG,3,10,6,10,True,all,cadical153,1251,4162,1,2,True,True,0.0008892999030649662,0.010045400122180581,,0.010934700025245547
language,SML+ALGOL+LOGIC=SIMULA,3,9,6,10,True,all,cadical153,1252,4176,1,2,True,True,0.0008410000009462237,0.013022699975408614,,0.013863699976354837
language,SML+ALGOL+SIMULA=PROLOG,3,10,6,10,True,all,cadical153,1305,4397,1,2,True,True,0.0009113000705838203,0.04121259995736182,,0.04212390002794564
language,SML+BASIC+LOGIC=SIMULA,3,10,6,10,True,all,cadical153,1271,4293,1,2,True,True,0.0008397001074627042,0.0166682000271976,,0.017507900134660304
language,SML+BASIC+SCALA=MODULA,3,10,6,10,True,all,cadical153,1271,4293,1,2,True,True,0.0009044000180438161,0.016731300042010844,,0.01763570006005466
language,SML+BASIC+SIMULA=PASCAL,3,9,6,10,True,all,cadical153,1286,4280,1,2,True,True,0.0008410000009462237,0.03275100002065301,,0.03359200002159923
language,SML+COBOL+PASCAL=MODULA,3,10,6,10,True,all,cadical153,1305,4397,1,2,True,True,0.0010781000601127744,0.015078200027346611,,0.016156300087459385
language,SML+PASCAL+SIMULA=MODULA,3,10,6,10,True,all,cadical153,1357,4619,1,2,True,True,0.0009233999298885465,0.024407700053416193,,0.02533109998330474
language,BCPL+JAVA+COBOL=PROLOG,3,10,6,10,True,all,cadical153,1288,4406,1,2,True,True,0.0009939000010490417,0.009206200018525124,,0.010200100019574165
language,BCPL+LISP+PASCAL=SCHEME,3,10,6,10,True,all,cadical153,1320,4497,1,2,True,True,0.0008651999523863196,0.005013400106690824,,0.005878600059077144
language,BCPL+LISP+PASCAL=SNOBOL,3,9,6,10,True,all,cadical153,1301,4380,1,2,True,True,0.0325340999988839,0.0035435998579487205,,0.036077699856832623
language,BCPL+PERL+ALGOL=ERLANG,3,10,6,10,True,all,cadical153,1288,4406,1,2,True,True,0.0008690999820828438,0.0027646999806165695,,0.0036337999626994133
language,BCPL+PERL+SCALA=PROLOG,3,10,6,10,True,all,cadical153,1288,4406,1,2,True,True,0.0009315999923273921,0.002959099947474897,,0.003890699939802289
language,BCPL+PERL+ERLANG=PASCAL,3,10,6,10,True,all,cadical153,1320,4497,1,2,True,True,0.0008182000601664186,0.0036247000098228455,,0.004442900069989264
language,BCPL+PERL+PASCAL=SNOBOL,3,10,6,10,True,all,cadical153,1320,4497,1,2,True,True,0.0009260000661015511,0.004111099988222122,,0.005037100054323673
language,BCPL+ALGOL+COBOL=PROLOG,3,8,6,10,True,all,cadical153,1302,4404,1,2,True,True,0.0008185000624507666,0.0019184999400749803,,0.002737000002525747
language,BCPL+ALGOL+LOGIC=PASCAL,3,9,6,10,True,all,cadical153,1321,4511,1,2,True,True,0.000936600030399859,0.003346799989230931,,0.00428340001963079
language,BCPL+ALGOL+SCALA=SNOBOL,3,9,6,10,True,all,cadical153,1321,4511,1,2,True,True,0.0008192999521270394,0.003472200012765825,,0.004291499964892864
language,BCPL+BASIC+COBOL=PASCAL,3,8,6,10,True,all,cadical153,1302,4404,1,2,True,True,0.0009237000485882163,0.010121300001628697,,0.011045000050216913
language,BCPL+BASIC+LOGIC=PROLOG,3,10,6,10,True,all,cadical153,1340,4628,1,2,True,True,0.0008375999750569463,0.03341949998866767,,0.03425709996372461
language,BCPL+BASIC+PASCAL=SNOBOL,3,9,6,10,True,all,cadical153,1355,4615,1,2,True,True,0.0010000999318435788,0.02496940002311021,,0.02596949995495379
language,BCPL+COBOL+PASCAL=MODULA,3,10,6,10,True,all,cadical153,1374,4732,1,2,True,True,0.0009295999770984054,0.008354099933058023,,0.009283699910156429
language,BCPL+COBOL+PASCAL=SCHEME,3,10,6,10,True,all,cadical153,1374,4732,1,2,True,True,0.001013200031593442,0.027552599902264774,,0.028565799933858216
language,BCPL+COBOL+PASCAL=SIMULA,3,10,6,10,True,all,cadical153,1374,4732,1,2,True,True,0.0009196000173687935,0.010464400053024292,,0.011384000070393085
language,BCPL+LOGIC+SNOBOL=PASCAL,3,10,6,10,True,all,cadical153,1374,4732,1,2,True,True,0.0010245000012218952,0.04384769999887794,,0.04487220000009984
language,BCPL+SCALA+PASCAL=SCHEME,3,9,6,10,True,all,cadical153,1355,4615,1,2,True,True,0.0008753000292927027,0.01972889993339777,,0.020604199962690473
language,BCPL+PASCAL+PROLOG=SNOBOL,3,10,6,10,True,all,cadical153,1426,4954,1,2,True,True,0.0011232999386265874,0.023217399953864515,,0.024340699892491102
language,JAVA+LISP+PASCAL=SIMULA,3,10,6,10,True,all,cadical153,1320,4497,1,2,True,True,0.0008944999426603317,0.001931699924170971,,0.0028261998668313026
language,JAVA+PERL+ALGOL=PROLOG,3,9,6,10,True,all,cadical153,1269,4289,1,2,True,True,0.0008907000301405787,0.0018825000151991844,,0.002773200045339763
language,JAVA+PERL+GOFER=PROLOG,3,10,6,10,True,all,cadical153,1288,4406,1,2,True,True,0.0007983000250533223,0.0037916998844593763,,0.004589999909512699
language,JAVA+ALGOL+PROLOG=PASCAL,3,10,6,10,True,all,cadical153,1374,4732,1,2,True,True,0.0009356999071314931,0.027820599963888526,,0.02875629987102002
language,JAVA+BASIC+SCALA=SIMULA,3,10,6,10,True,all,cadical153,1340,4628,1,2,True,True,0.0008457000367343426,0.004494099994190037,,0.00533980003092438
language,LISP+ALGOL+LOGIC=PASCAL,3,8,6,10,True,all,cadical153,1302,4404,1,2,True,True,0.032828499912284315,0.00743869983125478,,0.040267199743539095
language,LISP+BASIC+COBOL=PASCAL,3,8,6,10,True,all,cadical153,1302,4404,1,2,True,True,0.0016882999334484339,0.007713899947702885,,0.009402199881151319
language,LISP+BASIC+PASCAL=SCHEME,3,10,6,10,True,all,cadical153,1374,4732,1,2,True,True,0.0010825999779626727,0.05077780003193766,,0.05186040000990033
language,LISP+BASIC+PASCAL=SIMULA,3,9,6,10,True,all,cadical153,1355,4615,1,2,True,True,0.0009216000325977802,0.03435450012329966,,0.03527610015589744
language,LISP+BASIC+PASCAL=SNOBOL,3,9,6,10,True,all,cadical153,1355,4615,1,2,True,True,0.000994300004094839,0.035795899922959507,,0.036790199927054346
language,LISP+BASIC+SNOBOL=PASCAL,3,9,6,10,True,all,cadical153,1355,4615,1,2,True,True,0.0009420999558642507,0.05518379993736744,,0.05612589989323169
language,LISP+COBOL+SNOBOL=PASCAL,3,9,6,10,True,all,cadical153,1355,4615,1,2,True,True,0.000983899924904108,0.005682099959813058,,0.006665999884717166
language,LISP+LOGIC+PASCAL=SIMULA,3,10,6,10,True,all,cadical153,1374,4732,1,2,True,True,0.0008689999813213944,0.028703299933113158,,0.029572299914434552
language,LISP+SCALA+PASCAL=SCHEME,3,9,6,10,True,all,cadical153,1355,4615,1,2,True,True,0.0010047999676316977,0.018135300022549927,,0.019140099990181625
language,LISP+SCALA+SCHEME=PASCAL,3,9,6,10,True,all,cadical153,1355,4615,1,2,True,True,0.0008629000512883067,0.022695700055919588,,0.023558600107207894
language,LISP+SCALA+SIMULA=PASCAL,3,8,6,10,True,all,cadical153,1336,4508,1,2,True,True,0.0009573999559506774,0.003954300074838102,,0.004911700030788779
language,LISP+MODULA+PASCAL=SIMULA,3,10,6,10,True,all,cadical153,1426,4954,1,2,True,True,0.0009050000226125121,0.019236300024203956,,0.020141300046816468
language,PERL+ALGOL+GOFER=ERLANG,3,9,6,10,True,all,cadical153,1321,4511,1,2,True,True,0.0009540000464767218,0.008830100065097213,,0.009784100111573935
language,PERL+ALGOL+PASCAL=ERLANG,3,10,6,10,True,all,cadical153,1374,4732,1,2,True,True,0.0008678999729454517,0.021338299964554608,,0.02220619993750006
language,PERL+ERLANG+PROLOG=FORTRAN,3,10,7,10,True,all,cadical153,1495,5109,1,2,True,True,0.0010367999784648418,0.020981800043955445,,0.022018600022420287
language,PERL+PASCAL+PROLOG=ERLANG,3,10,6,10,True,all,cadical153,1426,4954,1,2,True,True,0.0009265000699087977,0.018138400046154857,,0.019064900116063654
language,RUBY+COBOL+SCALA=PASCAL,3,10,6,10,True,all,cadical153,1340,4628,1,2,True,True,0.000897600082680583,0.02889559988398105,,0.029793199966661632
language,ALGOL+BASIC+COBOL=SIMULA,3,10,6,10,True,all,cadical153,1409,4963,1,2,True,True,0.0009336000075563788,0.030253699980676174,,0.031187299988232553
language,ALGOL+BASIC+LOGIC=SCALA,3,8,5,10,True,all,cadical153,1302,4584,1,2,True,True,0.000900499988347292,0.009345700033009052,,0.010246200021356344
language,ALGOL+BASIC+PASCAL=SNOBOL,3,10,6,10,True,all,cadical153,1443,5067,1,2,True,True,0.00091559998691082,0.047241699998266995,,0.048157299985177815
language,ALGOL+GOFER+PROLOG=ERLANG,3,9,6,10,True,all,cadical153,1424,4950,1,2,True,True,0.0013306000037118793,0.03264420002233237,,0.03397480002604425
language,ALGOL+GOFER+PROLOG=FORTRAN,3,10,7,10,True,all,cadical153,1512,5222,1,2,True,True,0.024392699939198792,0.005057399976067245,,0.029450099915266037
language,ALGOL+LOGIC+SCALA=PASCAL,3,8,6,10,True,all,cadical153,1371,4739,1,2,True,True,0.0009091999381780624,0.022540700039826334,,0.023449899978004396
language,ALGOL+LOGIC+SCALA=SCHEME,3,10,6,10,True,all,cadical153,1409,4963,1,2,True,True,0.0010096000041812658,0.025610700016841292,,0.026620300021022558
language,ALGOL+SCALA+PASCAL=ERLANG,3,10,6,10,True,all,cadical153,1443,5067,1,2,True,True,0.0009176000021398067,0.022830799920484424,,0.02374839992262423
language,ALGOL+SCALA+SNOBOL=PROLOG,3,10,6,10,True,all,cadical153,1443,5067,1,2,True,True,0.0010492999572306871,0.010542799951508641,,0.011592099908739328
language,BASIC+COBOL+LOGIC=SCALA,3,8,5,10,True,all,cadical153,1302,4584,1,2,True,True,0.0008578000124543905,0.010844599921256304,,0.011702399933710694
language,BASIC+COBOL+LOGIC=SIMULA,3,10,6,10,True,all,cadical153,1409,4963,1,2,True,True,0.0009492000099271536,0.040099000092595816,,0.04104820010252297
language,BASIC+COBOL+SIMULA=PASCAL,3,10,6,10,True,all,cadical153,1443,5067,1,2,True,True,0.0009316999930888414,0.05307809985242784,,0.05400979984551668
language,BASIC+COBOL+SNOBOL=PASCAL,3,9,6,10,True,all,cadical153,1424,4950,1,2,True,True,0.0009314999915659428,0.04101409995928407,,0.04194559995085001
language,BASIC+LOGIC+SCALA=SNOBOL,3,9,6,10,True,all,cadical153,1390,4846,1,2,True,True,0.000988700077868998,0.02380810002796352,,0.024796800105832517
language,BASIC+LOGIC+SNOBOL=PASCAL,3,10,6,10,True,all,cadical153,1443,5067,1,2,True,True,0.0009300000965595245,0.11318129999563098,,0.1141113000921905
language,BASIC+SCALA+PASCAL=SIMULA,3,9,6,10,True,all,cadical153,1424,4950,1,2,True,True,0.0011829000432044268,0.026399899972602725,,0.027582800015807152
language,BASIC+SCALA+SIMULA=MODULA,3,10,6,10,True,all,cadical153,1443,5067,1,2,True,True,0.0009141000919044018,0.012968899914994836,,0.013883000006899238
language,BASIC+SCALA+SIMULA=SCHEME,3,10,6,10,True,all,cadical153,1443,5067,1,2,True,True,0.0009729000739753246,0.06349800014868379,,0.06447090022265911
language,COBOL+SCALA+SNOBOL=ERLANG,3,10,6,10,True,all,cadical153,1443,5067,1,2,True,True,0.0009560000617057085,0.05814740003552288,,0.05910340009722859
language,LOGIC+SCALA+MODULA=SIMULA,3,10,6,10,True,all,cadical153,1443,5067,1,2,True,True,0.0009690000442788005,0.04532769997604191,,0.046296700020320714
vegetabl,BASIL+CARROT=POTATO,2,10,6,10,True,all,cadical153,1079,3280,1,2,True,True,0.0006713999900966883,0.04711779998615384,,0.04778919997625053
vegetabl,CABBAGE+LETTUCE=EGGPLANT,2,10,8,10,True,all,cadical153,1347,4091,1,2,True,True,0.0009156999876722693,0.002419200027361512,,0.0033349000150337815
vegetabl,CARROT+CELERY=PARSLEY,2,10,7,10,True,all,cadical153,1197,3640,1,2,True,True,0.0007314999820664525,0.006778100039809942,,0.007509600021876395
vegetabl,CARROT+CELERY=POTATO,2,9,6,10,True,all,cadical153,1109,3368,1,2,True,True,0.0008805000688880682,0.028579299920238554,,0.029459799989126623
vegetabl,CARROT+MINT=POTATO,2,9,6,10,True,all,cadical153,1011,2958,1,2,True,True,0.0005914000794291496,0.0011263000778853893,,0.001717700157314539
vegetabl,CARROT+ONION=TOMATO,2,8,6,10,True,all,cadical153,1041,3056,1,2,True,True,0.0006133000133559108,0.003016200033016503,,0.0036295000463724136
vegetabl,CARROT+POTATO=LETTUCE,2,9,7,10,True,all,cadical153,1178,3523,1,2,True,True,0.0007426000665873289,0.006363800028339028,,0.007106400094926357
vegetabl,CELERY+GARLIC=OREGANO,2,10,7,10,True,all,cadical153,1197,3640,1,2,True,True,0.0007375000277534127,0.00586430006660521,,0.006601800094358623
vegetabl,CELERY+ONION=GARLIC,2,10,6,10,True,all,cadical153,1079,3280,1,2,True,True,0.0006410999922081828,0.054702900000847876,,0.05534399999305606
vegetabl,CELERY+PEPPER=GARLIC,2,9,6,10,True,all,cadical153,1109,3368,1,2,True,True,0.000734600005671382,0.022993299993686378,,0.02372789999935776
vegetabl,CELERY+PEPPER=TOMATO,2,10,6,10,True,all,cadical153,1128,3485,1,2,True,True,0.0007050998974591494,0.01468109991401434,,0.015386199811473489
vegetabl,CELERY+TOMATO=LETTUCE,2,10,7,10,True,all,cadical153,1197,3640,1,2,True,True,0.0007414999417960644,0.0033682999201118946,,0.004109799861907959
vegetabl,CORN+GARLIC=POTATO,2,10,6,10,True,all,cadical153,1030,3075,1,2,True,True,0.00063699996098876,0.0034969999687746167,,0.004133999929763377
vegetabl,GARLIC+ONION=CELERY,2,10,6,10,True,all,cadical153,1079,3280,1,2,True,True,0.0006324000423774123,0.048266800004057586,,0.048899200046435
vegetabl,GARLIC+ONION=PEPPER,2,10,6,10,True,all,cadical153,1079,3280,1,2,True,True,0.000651199952699244,0.028274600044824183,,0.028925799997523427
vegetabl,OKRA+TOMATO=PEPPER,2,8,6,10,True,all,cadical153,992,2851,1,2,True,True,0.025112700066529214,0.0014099000254645944,,0.02652260009199381
vegetabl,ONION+RADISH=TOMATO,2,10,6,10,True,all,cadical153,1079,3280,1,2,True,True,0.0007165999850258231,0.006437400123104453,,0.007154000108130276
vegetabl,PARSLEY+PEPPER=LETTUCE,2,10,7,10,True,all,cadical153,1229,3731,1,2,True,True,0.000725399935618043,0.009855299955233932,,0.010580699890851974
vegetabl,PEPPER+POTATO=CELERY,2,9,6,10,True,all,cadical153,1109,3368,1,2,True,True,0.0006703999824821949,0.00791159993968904,,0.008581999922171235
vegetabl,PEPPER+THYME=CELERY,2,9,6,10,True,all,cadical153,1060,3163,1,2,True,True,0.0006231999723240733,0.009004999999888241,,0.009628199972212315
vegetabl,PEPPER+THYME=TURNIP,2,10,6,10,True,all,cadical153,1079,3280,1,2,True,True,0.0006338999373838305,0.006321400054730475,,0.0069552999921143055
vegetabl,PEPPER+TOMATO=CELERY,2,10,6,10,True,all,cadical153,1128,3485,1,2,True,True,0.0007271000649780035,0.009811599971726537,,0.01053870003670454
vegetabl,PEPPER+TURNIP=CELERY,2,10,6,10,True,all,cadical153,1128,3485,1,2,True,True,0.0007511000148952007,0.031604699906893075,,0.032355799921788275
vegetabl,POTATO+TOMATO=LETTUCE,2,9,7,10,True,all,cadical153,1178,3523,1,2,True,True,0.000665399944409728,0.0028182000387459993,,0.0034835999831557274
vegetabl,POTATO+TOMATO=PUMPKIN,2,9,7,10,True,all,cadical153,1178,3523,1,2,True,True,0.0006960999453440309,0.0011591000948101282,,0.001855200040154159
vegetabl,THYME+TOMATO=CARROT,2,9,6,10,True,all,cadical153,1060,3163,1,2,True,True,0.0006135000148788095,0.005799699923954904,,0.0064131999388337135
vegetabl,BASIL+CORN+ONION=CARROT,3,10,6,10,True,all,cadical153,1340,4628,1,2,True,True,0.0009623999940231442,0.042413200018927455,,0.0433756000129506
vegetabl,BEAN+BEET+CARROT=TOMATO,3,9,6,10,True,all,cadical153,1301,4380,1,2,True,True,0.0008426000131294131,0.0026247999630868435,,0.0034673999762162566
vegetabl,BEAN+BEET+TOMATO=CARROT,3,9,6,10,True,all,cadical153,1301,4380,1,2,True,True,0.0009098000591620803,0.0017004000255838037,,0.002610200084745884
vegetabl,BEAN+CORN+POTATO=CARROT,3,9,6,10,True,all,cadical153,1301,4380,1,2,True,True,0.0008007000433281064,0.010219800053164363,,0.01102050009649247
vegetabl,BEAN+OKRA+PEPPER=CARROT,3,10,6,10,True,all,cadical153,1320,4497,1,2,True,True,0.0009377999231219292,0.008197199902497232,,0.009134999825619161
vegetabl,BEAN+ONION+OREGANO=CABBAGE,3,9,7,10,True,all,cadical153,1456,4861,1,2,True,True,0.0008902999106794596,0.0029089999152347445,,0.003799299825914204
vegetabl,BEAN+ONION+PEPPER=TURNIP,3,10,6,10,True,all,cadical153,1374,4732,1,2,True,True,0.0009553999407216907,0.041130000026896596,,0.04208539996761829
vegetabl,BEAN+OREGANO+TOMATO=CABBAGE,3,10,7,10,True,all,cadical153,1529,5213,1,2,True,True,0.0010175000643357635,0.017203700030222535,,0.0182212000945583
vegetabl,BEAN+PEPPER+POTATO=TURNIP,3,10,6,10,True,all,cadical153,1426,4954,1,2,True,True,0.001024700002744794,0.04886149999219924,,0.049886199994944036
vegetabl,BEAN+POTATO+TOMATO=CARROT,3,10,6,10,True,all,cadical153,1426,4954,1,2,True,True,0.0009464999893680215,0.010024799965322018,,0.01097129995469004
vegetabl,BEET+CARROT+OKRA=PEPPER,3,9,6,10,True,all,cadical153,1301,4380,1,2,True,True,0.0008476999355480075,0.007903099991381168,,0.008750799926929176
vegetabl,BEET+CARROT+ONION=POTATO,3,10,6,10,True,all,cadical153,1374,4732,1,2,True,True,0.0008555999957025051,0.02149379998445511,,0.022349399980157614
vegetabl,BEET+CARROT+ONION=TOMATO,3,10,6,10,True,all,cadical153,1374,4732,1,2,True,True,0.0009042000165209174,0.006261200061999261,,0.007165400078520179
vegetabl,BEET+CELERY+PEPPER=PARSLEY,3,10,7,10,True,all,cadical153,1495,5109,1,2,True,True,0.0009178998880088329,0.002307899994775653,,0.003225799882784486
vegetabl,BEET+GARLIC+PEPPER=CABBAGE,3,10,7,10,True,all,cadical153,1495,5109,1,2,True,True,0.0009585999650880694,0.02470720000565052,,0.02566579997073859
vegetabl,BEET+LETTUCE+PEPPER=CABBAGE,3,10,7,10,True,all,cadical153,1529,5213,1,2,True,True,0.0010718000121414661,0.03151350002735853,,0.0325853000395
vegetabl,BEET+MINT+PEPPER=TOMATO,3,10,6,10,True,all,cadical153,1320,4497,1,2,True,True,0.02456769999116659,0.002478199894540012,,0.027045899885706604
vegetabl,BEET+OKRA+POTATO=CARROT,3,9,6,10,True,all,cadical153,1301,4380,1,2,True,True,0.0008515999652445316,0.005170999909751117,,0.006022599874995649
vegetabl,BEET+ONION+OREGANO=CABBAGE,3,10,7,10,True,all,cadical153,1475,4978,1,2,True,True,0.0009231000440195203,0.006328099989332259,,0.007251200033351779
vegetabl,BEET+ONION+POTATO=CARROT,3,10,6,10,True,all,cadical153,1374,4732,1,2,True,True,0.0009579999605193734,0.024270499940030277,,0.02522849990054965
vegetabl,BEET+ONION+POTATO=TURNIP,3,10,6,10,True,all,cadical153,1374,4732,1,2,True,True,0.0015799000393599272,0.011693399981595576,,0.013273300020955503
vegetabl,BEET+POTATO+TOMATO=CABBAGE,3,9,7,10,True,all,cadical153,1476,4992,1,2,True,True,0.0010467999381944537,0.010301399976015091,,0.011348199914209545
vegetabl,CABBAGE+CARROT+ONION=OREGANO,3,10,7,10,True,all,cadical153,1598,5548,1,2,True,True,0.001222899998538196,0.03986270003952086,,0.041085600038059056
vegetabl,CABBAGE+CELERY+CORN=OREGANO,3,10,7,10,True,all,cadical153,1529,5213,1,2,True,True,0.001053699990734458,0.02901269996073097,,0.030066399951465428
vegetabl,CARROT+CELERY+OKRA=LETTUCE,3,10,7,10,True,all,cadical153,1495,5109,1,2,True,True,0.0009414000669494271,0.0077164999675005674,,0.008657900034449995
vegetabl,CARROT+CELERY+OKRA=POTATO,3,10,6,10,True,all,cadical153,1426,4954,1,2,True,True,0.0009246000554412603,0.06676959991455078,,0.06769419996999204
vegetabl,CARROT+CELERY+POTATO=PARSLEY,3,10,7,10,True,all,cadical153,1633,5779,1,2,True,True,0.0011973000364378095,0.05200740008149296,,0.05320470011793077
vegetabl,CARROT+CORN+GARLIC=TOMATO,3,10,6,10,True,all,cadical153,1426,4954,1,2,True,True,0.0009565999498590827,0.05188429995905608,,0.05284089990891516
vegetabl,CARROT+CORN+MINT=PEPPER,3,10,6,10,True,all,cadical153,1320,4497,1,2,True,True,0.000946400105021894,0.027169400127604604,,0.028115800232626498
vegetabl,CARROT+CORN+ONION=LETTUCE,3,10,7,10,True,all,cadical153,1443,4887,1,2,True,True,0.0009395000524818897,0.0025635999627411366,,0.0035031000152230263
vegetabl,CARROT+CORN+ONION=PEPPER,3,9,6,10,True,all,cadical153,1355,4615,1,2,True,True,0.0009203000226989388,0.04440179991070181,,0.04532209993340075
vegetabl,CARROT+CORN+ONION=TOMATO,3,8,6,10,True,all,cadical153,1336,4508,1,2,True,True,0.0008932999335229397,0.004338399972766638,,0.0052316999062895775
vegetabl,CARROT+CORN+PEPPER=OREGANO,3,9,7,10,True,all,cadical153,1476,4992,1,2,True,True,0.0010364999761804938,0.008359499974176288,,0.009395999950356781
vegetabl,CARROT+CORN+POTATO=GARLIC,3,10,6,10,True,all,cadical153,1426,4954,1,2,True,True,0.001384899951517582,0.03320269996766001,,0.03458759991917759
vegetabl,CARROT+CORN+TURNIP=POTATO,3,9,6,10,True,all,cadical153,1407,4837,1,2,True,True,0.0009836999233812094,0.04693389998283237,,0.04791759990621358
vegetabl,CARROT+GARLIC+MINT=TOMATO,3,10,6,10,True,all,cadical153,1426,4954,1,2,True,True,0.000901399995200336,0.016086400020867586,,0.016987800016067922
vegetabl,CARROT+GARLIC+ONION=OREGANO,3,10,7,10,True,all,cadical153,1564,5444,1,2,True,True,0.0009840000420808792,0.014379300060681999,,0.015363300102762878
vegetabl,CARROT+MINT+ONION=PEPPER,3,10,6,10,True,all,cadical153,1374,4732,1,2,True,True,0.0009692000458016992,0.051084899925626814,,0.052054099971428514
vegetabl,CARROT+MINT+PEPPER=TOMATO,3,10,6,10,True,all,cadical153,1426,4954,1,2,True,True,0.024380300077609718,0.06108220014721155,,0.08546250022482127
vegetabl,CARROT+MINT+POTATO=TURNIP,3,10,6,10,True,all,cadical153,1426,4954,1,2,True,True,0.0010399000020697713,0.03639280004426837,,0.03743270004633814
vegetabl,CARROT+OKRA+POTATO=LETTUCE,3,10,7,10,True,all,cadical153,1495,5109,1,2,True,True,0.0009428000776097178,0.01887979998718947,,0.01982260006479919
vegetabl,CARROT+OKRA+TOMATO=CABBAGE,3,10,7,10,True,all,cadical153,1495,5109,1,2,True,True,0.0009898000862449408,0.00475149997510016,,0.0057413000613451
vegetabl,CARROT+ONION+TOMATO=PEPPER,3,10,6,10,True,all,cadical153,1495,5289,1,2,True,True,0.0009316999930888414,0.03536610002629459,,0.03629780001938343
vegetabl,CARROT+ONION+TURNIP=POTATO,3,9,6,10,True,all,cadical153,1476,5172,1,2,True,True,0.0009524000342935324,0.05494609987363219,,0.055898499907925725
vegetabl,CARROT+PEPPER+POTATO=PARSLEY,3,10,7,10,True,all,cadical153,1633,5779,1,2,True,True,0.001207799999974668,0.015730499988421798,,0.016938299988396466
vegetabl,CARROT+PEPPER+SAGE=OREGANO,3,10,7,10,True,all,cadical153,1495,5109,1,2,True,True,0.0009302999824285507,0.012987300055101514,,0.013917600037530065
vegetabl,CARROT+PEPPER+THYME=TOMATO,3,10,6,10,True,all,cadical153,1495,5289,1,2,True,True,0.0010014999425038695,0.05023249995429069,,0.05123399989679456
vegetabl,CARROT+THYME+TOMATO=PEPPER,3,10,6,10,True,all,cadical153,1495,5289,1,2,True,True,0.0009856000542640686,0.07958789996337146,,0.08057350001763552
vegetabl,CELERY+CORN+ONION=GARLIC,3,10,6,10,True,all,cadical153,1374,4732,1,2,True,True,0.0009613999864086509,0.08237419999204576,,0.08333559997845441
vegetabl,CELERY+CORN+ONION=PEPPER,3,9,6,10,True,all,cadical153,1355,4615,1,2,True,True,0.0008753000292927027,0.019720799988135695,,0.020596100017428398
vegetabl,CELERY+PEPPER+SAGE=GARLIC,3,10,6,10,True,all,cadical153,1426,4954,1,2,True,True,0.00096879992634058,0.06702970003243536,,0.06799849995877594
vegetabl,CORN+GARLIC+MINT=TOMATO,3,10,6,10,True,all,cadical153,1320,4497,1,2,True,True,0.0009307999862357974,0.011974400142207742,,0.01290520012844354
vegetabl,CORN+MINT+TOMATO=GARLIC,3,10,6,10,True,all,cadical153,1320,4497,1,2,True,True,0.0011183000169694424,0.01777329994365573,,0.01889159996062517
vegetabl,CORN+ONION+POTATO=CARROT,3,8,6,10,True,all,cadical153,1336,4508,1,2,True,True,0.0010929000563919544,0.009547800058498979,,0.010640700114890933
vegetabl,CORN+ONION+POTATO=GARLIC,3,10,6,10,True,all,cadical153,1374,4732,1,2,True,True,0.0008710999973118305,0.057194699998945,,0.05806579999625683
vegetabl,CORN+ONION+RADISH=CARROT,3,10,6,10,True,all,cadical153,1374,4732,1,2,True,True,0.002064200001768768,0.023959999904036522,,0.02602419990580529
vegetabl,CORN+ONION+TOMATO=GARLIC,3,10,6,10,True,all,cadical153,1374,4732,1,2,True,True,0.0009578999597579241,0.031409099930897355,,0.03236699989065528
vegetabl,CORN+ONION+TURNIP=PEPPER,3,9,6,10,True,all,cadical153,1355,4615,1,2,True,True,0.0008807999547570944,0.025045900023542345,,0.02592669997829944
vegetabl,CORN+PEPPER+POTATO=TURNIP,3,10,6,10,True,all,cadical153,1426,4954,1,2,True,True,0.000990699976682663,0.060572000104002655,,0.06156270008068532
vegetabl,CORN+PEPPER+SAGE=CARROT,3,10,6,10,True,all,cadical153,1320,4497,1,2,True,True,0.0009837999241426587,0.00759040005505085,,0.008574199979193509
vegetabl,CORN+PEPPER+TOMATO=CARROT,3,9,6,10,True,all,cadical153,1407,4837,1,2,True,True,0.0008964999578893185,0.0708456999855116,,0.07174219994340092
vegetabl,MINT+OKRA+ONION=TURNIP,3,10,6,10,True,all,cadical153,1288,4406,1,2,True,True,0.001255700015462935,0.0075740000465884805,,0.008829700062051415
vegetabl,MINT+ONION+PEPPER=CARROT,3,10,6,10,True,all,cadical153,1374,4732,1,2,True,True,0.03304150002077222,0.05237989989109337,,0.08542139991186559
vegetabl,MINT+ONION+PEPPER=POTATO,3,9,6,10,True,all,cadical153,1355,4615,1,2,True,True,0.0012676999904215336,0.02550280001014471,,0.026770500000566244
vegetabl,MINT+ONION+PEPPER=TOMATO,3,9,6,10,True,all,cadical153,1355,4615,1,2,True,True,0.0008842999814078212,0.014822099823504686,,0.015706399804912508
vegetabl,MINT+ONION+POTATO=CARROT,3,9,6,10,True,all,cadical153,1355,4615,1,2,True,True,0.0009391000494360924,0.012875500018708408,,0.0138146000681445
vegetabl,MINT+ONION+THYME=PEPPER,3,10,6,10,True,all,cadical153,1340,4628,1,2,True,True,0.0008656999561935663,0.025705600040964782,,0.02657129999715835
vegetabl,MINT+ONION+TOMATO=GARLIC,3,10,6,10,True,all,cadical153,1374,4732,1,2,True,True,0.001201300066895783,0.020895700086839497,,0.02209700015373528
vegetabl,MINT+PEPPER+POTATO=TURNIP,3,10,6,10,True,all,cadical153,1426,4954,1,2,True,True,0.0009182000067085028,0.023676999961026013,,0.024595199967734516
vegetabl,MINT+PEPPER+TOMATO=CARROT,3,10,6,10,True,all,cadical153,1426,4954,1,2,True,True,0.0010816999711096287,0.04061489994637668,,0.04169659991748631
vegetabl,OKRA+ONION+PEPPER=TURNIP,3,10,6,10,True,all,cadical153,1374,4732,1,2,True,True,0.0009104999480769038,0.0927803999511525,,0.09369089989922941
vegetabl,OKRA+ONION+TURNIP=CARROT,3,10,6,10,True,all,cadical153,1374,4732,1,2,True,True,0.001184699940495193,0.06271219998598099,,0.06389689992647618
vegetabl,OKRA+PEPPER+POTATO=CELERY,3,10,6,10,True,all,cadical153,1426,4954,1,2,True,True,0.0009490000084042549,0.04739940003491938,,0.048348400043323636
vegetabl,OKRA+POTATO+SAGE=CARROT,3,10,6,10,True,all,cadical153,1320,4497,1,2,True,True,0.000942799961194396,0.06154149991925806,,0.062484299880452454
vegetabl,ONION+PEPPER+SAGE=POTATO,3,10,6,10,True,all,cadical153,1374,4732,1,2,True,True,0.0012861000141128898,0.02659759996458888,,0.02788369997870177
vegetabl,ONION+PEPPER+TOMATO=CARROT,3,10,6,10,True,all,cadical153,1495,5289,1,2,True,True,0.001047199941240251,0.05198160000145435,,0.053028799942694604
vegetabl,OREGANO+PEPPER+POTATO=CABBAGE,3,10,7,10,True,all,cadical153,1667,5883,1,2,True,True,0.00118240003939718,0.024634799920022488,,0.025817199959419668
vegetabl,PEPPER+POTATO+TOMATO=CARROT,3,8,6,10,True,all,cadical153,1526,5400,1,2,True,True,0.001011099899187684,0.01341719995252788,,0.014428299851715565
vegetabl,PEPPER+POTATO+TOMATO=LETTUCE,3,10,7,10,True,all,cadical153,1633,5779,1,2,True,True,0.001246000058017671,0.028510799980722368,,0.02975680003874004
